"GoId","Aspect"
"GO:0007206","P"
"GO:0035584","P"
"GO:0090647","P"
"GO:0099170","P"
"GO:1902938","P"
"GO:1904646","P"
"GO:0099553","P"
"GO:0035524","P"
"GO:0015180","F"
"GO:0015808","P"
"GO:0005280","F"
"GO:0015816","P"
"GO:0015187","F"
"GO:0015193","F"
"GO:0022851","F"
"GO:0071420","P"
"GO:0098982","C"
"GO:1902476","P"
"GO:1902711","C"
"GO:1904862","P"
"GO:0008503","F"
"GO:0004890","F"
"GO:0007214","P"
"GO:0030285","C"
"GO:0032809","C"
"GO:0050811","F"
"GO:0090102","P"
"GO:0099192","C"
"GO:0098978","C"
"GO:2001226","P"
"GO:0001540","F"
"GO:0001661","P"
"GO:0001967","P"
"GO:0001975","P"
"GO:0004972","F"
"GO:0007616","P"
"GO:0008542","P"
"GO:0016594","F"
"GO:0016595","F"
"GO:0017146","C"
"GO:0022849","F"
"GO:0043083","C"
"GO:0048013","P"
"GO:0051290","P"
"GO:0060134","P"
"GO:0098976","P"
"GO:0099061","C"
"GO:0033058","P"
"GO:0097202","P"
"GO:1902951","P"
"GO:0051721","F"
"GO:0070062","C"
"GO:0070821","C"
"GO:0101003","C"
"GO:0002086","P"
"GO:0043181","P"
"GO:0046716","P"
"GO:0031404","F"
"GO:0001997","P"
"GO:0002024","P"
"GO:0007190","P"
"GO:0030165","F"
"GO:0031694","F"
"GO:0040015","P"
"GO:0098685","C"
"GO:0099579","F"
"GO:0120162","P"
"GO:0004940","F"
"GO:0002025","P"
"GO:0051380","F"
"GO:0051379","F"
"GO:0009822","P"
"GO:0016098","P"
"GO:0020037","F"
"GO:0033076","P"
"GO:0042572","P"
"GO:0090350","P"
"GO:0042738","P"
"GO:0002032","P"
"GO:0004941","F"
"GO:0007171","P"
"GO:0008179","F"
"GO:0010739","P"
"GO:0015459","F"
"GO:0061885","P"
"GO:1901098","P"
"GO:1904504","P"
"GO:1990911","P"
"GO:2000481","P"
"GO:2000969","P"
"GO:0008559","F"
"GO:0090554","F"
"GO:0090555","F"
"GO:0099038","F"
"GO:0099040","P"
"GO:0004666","F"
"GO:0019371","P"
"GO:0009750","P"
"GO:0010575","P"
"GO:0019372","P"
"GO:0031394","P"
"GO:0031915","P"
"GO:0034356","P"
"GO:0035633","P"
"GO:0042307","P"
"GO:0042803","F"
"GO:0045429","P"
"GO:0046697","P"
"GO:0051968","P"
"GO:0071284","P"
"GO:0071318","P"
"GO:0071471","P"
"GO:0071498","P"
"GO:0090050","P"
"GO:0090271","P"
"GO:0090336","P"
"GO:0090362","P"
"GO:0019373","P"
"GO:0034875","F"
"GO:0071276","P"
"GO:0071280","P"
"GO:0071615","P"
"GO:0097267","P"
"GO:0101020","F"
"GO:0101021","F"
"GO:0002933","P"
"GO:0010193","P"
"GO:0018601","F"
"GO:0018885","P"
"GO:0018910","P"
"GO:0018960","P"
"GO:0030544","F"
"GO:0042197","P"
"GO:0051879","F"
"GO:0005881","C"
"GO:0008389","F"
"GO:0046226","P"
"GO:0008401","F"
"GO:0030343","F"
"GO:0036378","P"
"GO:0050649","F"
"GO:0001972","F"
"GO:0006789","P"
"GO:0015020","F"
"GO:0034663","C"
"GO:0042167","P"
"GO:0046982","F"
"GO:0051552","P"
"GO:0052696","P"
"GO:0052697","P"
"GO:0070980","P"
"GO:0071361","P"
"GO:0071392","P"
"GO:0006068","P"
"GO:0042420","P"
"GO:1903351","P"
"GO:0004060","F"
"GO:0017064","F"
"GO:0047372","F"
"GO:0052651","P"
"GO:0102077","F"
"GO:0103073","F"
"GO:0004040","F"
"GO:0010917","P"
"GO:0032591","C"
"GO:0050960","P"
"GO:0050965","P"
"GO:0050968","P"
"GO:0060083","P"
"GO:0060454","P"
"GO:0071502","P"
"GO:0090212","P"
"GO:1901594","P"
"GO:0002674","P"
"GO:0004364","F"
"GO:0004602","F"
"GO:0008432","F"
"GO:0010804","P"
"GO:0032930","P"
"GO:0035726","P"
"GO:0035730","F"
"GO:0035731","F"
"GO:0035732","P"
"GO:0043124","P"
"GO:0043295","F"
"GO:0043508","P"
"GO:0043651","P"
"GO:0051771","P"
"GO:0070026","F"
"GO:0071364","P"
"GO:0071460","P"
"GO:0071638","P"
"GO:0071672","P"
"GO:0097057","C"
"GO:1901687","P"
"GO:1904706","P"
"GO:0004064","F"
"GO:0004089","F"
"GO:0008270","F"
"GO:0015701","P"
"GO:0035722","P"
"GO:0009925","C"
"GO:0015250","F"
"GO:0015793","P"
"GO:0021670","P"
"GO:0030185","P"
"GO:0031526","C"
"GO:0035377","P"
"GO:0046878","P"
"GO:0048146","P"
"GO:0071260","P"
"GO:0071300","P"
"GO:0071320","P"
"GO:0071549","P"
"GO:0071732","P"
"GO:0020005","C"
"GO:0005452","F"
"GO:0015742","P"
"GO:0031427","P"
"GO:0043252","P"
"GO:0097254","P"
"GO:0015347","F"
"GO:0032230","P"
"GO:0032849","P"
"GO:0045780","P"
"GO:2001150","P"
"GO:0031362","C"
"GO:0005546","F"
"GO:0015272","F"
"GO:1990573","P"
"GO:0004090","F"
"GO:0047021","F"
"GO:0050221","F"
"GO:0002576","P"
"GO:0015643","F"
"GO:0030170","F"
"GO:0031093","C"
"GO:0034375","P"
"GO:0051087","F"
"GO:0051659","P"
"GO:0140272","F"
"GO:1903981","F"
"GO:0001591","F"
"GO:0002031","P"
"GO:0002052","P"
"GO:0002092","P"
"GO:0007195","P"
"GO:0007270","P"
"GO:0007608","P"
"GO:0007628","P"
"GO:0016328","C"
"GO:0021853","P"
"GO:0021984","P"
"GO:0030432","P"
"GO:0032467","P"
"GO:0032922","P"
"GO:0033602","P"
"GO:0035240","F"
"GO:0035255","F"
"GO:0035810","P"
"GO:0035815","P"
"GO:0040018","P"
"GO:0043204","C"
"GO:0048148","P"
"GO:0048149","P"
"GO:0048755","P"
"GO:0051481","P"
"GO:0051586","P"
"GO:0051823","P"
"GO:0051898","P"
"GO:0051967","P"
"GO:0060124","P"
"GO:0060158","P"
"GO:0060160","P"
"GO:0090325","P"
"GO:0098691","C"
"GO:1900168","P"
"GO:1900273","P"
"GO:1901386","P"
"GO:0001588","F"
"GO:0007191","P"
"GO:0021542","P"
"GO:0035106","P"
"GO:0042711","P"
"GO:0043987","P"
"GO:0046959","P"
"GO:0046960","P"
"GO:0051482","P"
"GO:0001965","F"
"GO:0004879","F"
"GO:0005497","F"
"GO:0008013","F"
"GO:0019102","P"
"GO:0033148","P"
"GO:0033327","P"
"GO:0043568","P"
"GO:0045720","P"
"GO:0045726","P"
"GO:0045945","P"
"GO:0048808","P"
"GO:0051092","P"
"GO:0051117","F"
"GO:0060520","P"
"GO:0060599","P"
"GO:0060748","P"
"GO:0060769","P"
"GO:0070974","F"
"GO:0071394","P"
"GO:0072520","P"
"GO:0005277","F"
"GO:0005330","F"
"GO:0005334","F"
"GO:0008513","F"
"GO:0010248","P"
"GO:0008508","F"
"GO:0000900","F"
"GO:0003148","P"
"GO:0033189","P"
"GO:0042826","F"
"GO:0043422","F"
"GO:0044323","F"
"GO:0045630","P"
"GO:0048027","F"
"GO:0051393","F"
"GO:0055012","P"
"GO:0060534","P"
"GO:0060591","P"
"GO:0071391","P"
"GO:0003430","P"
"GO:0032331","P"
"GO:0035116","P"
"GO:0046965","F"
"GO:0070384","P"
"GO:1990830","P"
"GO:0016922","F"
"GO:0042809","F"
"GO:0045994","P"
"GO:0050692","F"
"GO:0050693","F"
"GO:0051289","P"
"GO:0060528","P"
"GO:0060687","P"
"GO:0070644","F"
"GO:0001609","F"
"GO:0002314","P"
"GO:0002636","P"
"GO:0002906","P"
"GO:0006154","P"
"GO:0006157","P"
"GO:0030890","P"
"GO:0032839","C"
"GO:0042323","P"
"GO:0046061","P"
"GO:0046103","P"
"GO:0046111","P"
"GO:0050862","P"
"GO:0060169","P"
"GO:0060407","P"
"GO:0070244","P"
"GO:0070256","P"
"GO:0043103","P"
"GO:0006175","P"
"GO:0044209","P"
"GO:0004001","F"
"GO:0000186","P"
"GO:0002087","P"
"GO:0014050","P"
"GO:0030673","C"
"GO:0031683","F"
"GO:0032229","P"
"GO:0032244","P"
"GO:0032795","F"
"GO:0035814","P"
"GO:0043195","C"
"GO:0044305","C"
"GO:0045741","P"
"GO:0055089","P"
"GO:0060087","P"
"GO:0099582","F"
"GO:1900272","P"
"GO:1900453","P"
"GO:0006968","P"
"GO:0007205","P"
"GO:0014049","P"
"GO:0014057","P"
"GO:0031802","F"
"GO:0043116","P"
"GO:0010753","P"
"GO:0031284","P"
"GO:1904823","P"
"GO:0015860","P"
"GO:0015390","F"
"GO:0015389","F"
"GO:0005524","F"
"GO:0004679","F"
"GO:0006069","P"
"GO:0016208","F"
"GO:0004691","F"
"GO:0009631","P"
"GO:0035174","F"
"GO:0042149","P"
"GO:0045542","P"
"GO:0045821","P"
"GO:0046627","P"
"GO:0047322","F"
"GO:0048156","F"
"GO:0050405","F"
"GO:0071277","P"
"GO:0071380","P"
"GO:0097009","P"
"GO:1903109","P"
"GO:1903955","P"
"GO:1904428","P"
"GO:0006171","P"
"GO:0032793","P"
"GO:0071377","P"
"GO:0098686","C"
"GO:1904322","P"
"GO:0033211","P"
"GO:0001102","F"
"GO:0001225","F"
"GO:0005719","C"
"GO:0010944","P"
"GO:0032916","P"
"GO:0034670","P"
"GO:0035035","F"
"GO:0035497","F"
"GO:0035729","P"
"GO:0036120","P"
"GO:0045899","P"
"GO:0050821","P"
"GO:0060430","P"
"GO:0060509","P"
"GO:0071294","P"
"GO:1990314","P"
"GO:1990589","C"
"GO:1990763","F"
"GO:0043024","F"
"GO:0060045","P"
"GO:1902033","P"
"GO:0000930","C"
"GO:0004115","F"
"GO:0006198","P"
"GO:0030552","F"
"GO:0043015","F"
"GO:0044325","F"
"GO:0071872","P"
"GO:1901898","P"
"GO:0005536","F"
"GO:0005080","F"
"GO:0031698","F"
"GO:0033137","P"
"GO:0097110","F"
"GO:1901844","P"
"GO:0042132","F"
"GO:0045820","P"
"GO:0071286","P"
"GO:0005986","P"
"GO:0032264","P"
"GO:0002055","F"
"GO:0003999","F"
"GO:0006168","P"
"GO:0004867","F"
"GO:0004883","F"
"GO:0032183","F"
"GO:0042921","P"
"GO:0043402","P"
"GO:1902895","P"
"GO:1990239","F"
"GO:0033384","P"
"GO:0045337","P"
"GO:0004161","F"
"GO:0004337","F"
"GO:0004726","F"
"GO:0008201","F"
"GO:0034164","P"
"GO:0043395","F"
"GO:0090557","P"
"GO:0033180","C"
"GO:0033572","P"
"GO:0090383","P"
"GO:0046961","F"
"GO:0001985","P"
"GO:0004937","F"
"GO:0007202","P"
"GO:0007512","P"
"GO:0030018","C"
"GO:0035024","P"
"GO:0045760","P"
"GO:0060452","P"
"GO:0090037","P"
"GO:0097195","P"
"GO:0150099","P"
"GO:1903997","P"
"GO:0001994","P"
"GO:0003064","P"
"GO:0005251","F"
"GO:0055131","F"
"GO:0060307","P"
"GO:0086091","P"
"GO:0098915","P"
"GO:1902282","F"
"GO:1902937","C"
"GO:1903765","P"
"GO:0002003","P"
"GO:0002018","P"
"GO:0005159","F"
"GO:0035115","P"
"GO:0034653","P"
"GO:0008160","F"
"GO:0031994","F"
"GO:0042567","C"
"GO:0045663","P"
"GO:0031995","F"
"GO:0001968","F"
"GO:0048387","P"
"GO:0004854","F"
"GO:0004855","F"
"GO:0009115","P"
"GO:0043546","F"
"GO:0051537","F"
"GO:0071949","F"
"GO:1900745","P"
"GO:1900747","P"
"GO:2001213","P"
"GO:0004031","F"
"GO:0102797","F"
"GO:0102798","F"
"GO:0007198","P"
"GO:0014063","P"
"GO:0051378","F"
"GO:0099154","C"
"GO:1904707","P"
"GO:0008131","F"
"GO:0022850","F"
"GO:0032154","C"
"GO:1904602","C"
"GO:0010940","P"
"GO:0014012","P"
"GO:0030325","P"
"GO:0045019","P"
"GO:0051901","P"
"GO:0060252","P"
"GO:0060253","P"
"GO:0072656","P"
"GO:0070330","F"
"GO:0032715","P"
"GO:0035580","C"
"GO:0050718","P"
"GO:1904469","P"
"GO:0015842","P"
"GO:0036468","F"
"GO:0042427","P"
"GO:0046219","P"
"GO:0046684","P"
"GO:0052314","P"
"GO:0010269","P"
"GO:0021762","P"
"GO:0051412","P"
"GO:0005892","C"
"GO:0007614","P"
"GO:0022848","F"
"GO:0042166","F"
"GO:0050893","P"
"GO:0140059","P"
"GO:1902004","P"
"GO:1902430","P"
"GO:1905920","P"
"GO:0035095","P"
"GO:0060084","P"
"GO:0001507","P"
"GO:0002076","P"
"GO:0003990","F"
"GO:0005518","F"
"GO:0005604","C"
"GO:0031594","C"
"GO:0032223","P"
"GO:0043236","F"
"GO:0043621","F"
"GO:0045212","P"
"GO:0005641","C"
"GO:0014016","P"
"GO:0033265","F"
"GO:0050783","P"
"GO:0005044","F"
"GO:0005158","F"
"GO:0030502","P"
"GO:0035529","F"
"GO:0046325","P"
"GO:0001958","P"
"GO:0050699","F"
"GO:0070207","P"
"GO:0035874","P"
"GO:0052597","F"
"GO:0052598","F"
"GO:0052599","F"
"GO:0052600","F"
"GO:0071504","P"
"GO:0097185","P"
"GO:0005925","C"
"GO:0006883","P"
"GO:0030214","P"
"GO:0030346","F"
"GO:0048306","F"
"GO:0070417","P"
"GO:0070886","P"
"GO:0071257","P"
"GO:0086036","P"
"GO:0086040","F"
"GO:0086092","P"
"GO:0098719","P"
"GO:0098735","P"
"GO:1903281","P"
"GO:0015386","F"
"GO:0003026","P"
"GO:0015226","F"
"GO:1902603","P"
"GO:0002677","P"
"GO:0006703","P"
"GO:0006710","P"
"GO:0010760","P"
"GO:0060065","P"
"GO:2000866","P"
"GO:0008386","F"
"GO:0004119","F"
"GO:0040020","P"
"GO:0043117","P"
"GO:0071321","P"
"GO:0060282","P"
"GO:0001103","F"
"GO:0006344","P"
"GO:0010870","P"
"GO:0016581","C"
"GO:0032967","P"
"GO:0035098","C"
"GO:0042531","P"
"GO:0042733","P"
"GO:0045347","P"
"GO:0048714","P"
"GO:0051059","F"
"GO:0060789","P"
"GO:0061029","P"
"GO:0061198","P"
"GO:1902437","P"
"GO:1990841","F"
"GO:0000980","F"
"GO:0008332","F"
"GO:0032342","P"
"GO:0034651","P"
"GO:0035865","P"
"GO:2000344","P"
"GO:0009624","P"
"GO:0009635","P"
"GO:0009692","P"
"GO:0016679","F"
"GO:0016711","F"
"GO:0017143","P"
"GO:0019341","P"
"GO:0042904","P"
"GO:0060137","P"
"GO:0070365","P"
"GO:0001502","P"
"GO:0017025","F"
"GO:0045925","P"
"GO:0070324","F"
"GO:0030878","P"
"GO:0007621","P"
"GO:0010745","P"
"GO:0010887","P"
"GO:0010891","P"
"GO:0030331","F"
"GO:0032966","P"
"GO:0042953","P"
"GO:0050544","F"
"GO:0050872","P"
"GO:0060100","P"
"GO:0060336","P"
"GO:0060850","P"
"GO:0070888","F"
"GO:0071306","P"
"GO:0071404","P"
"GO:0071455","P"
"GO:1901558","P"
"GO:1905461","P"
"GO:1905563","P"
"GO:2000230","P"
"GO:0008554","F"
"GO:0015432","F"
"GO:0046581","C"
"GO:0015126","F"
"GO:0015722","P"
"GO:0005335","F"
"GO:0014064","P"
"GO:0019811","F"
"GO:0021941","P"
"GO:0042713","P"
"GO:0050998","F"
"GO:0090067","P"
"GO:0030506","F"
"GO:0033268","C"
"GO:0043194","C"
"GO:0004938","F"
"GO:0010700","P"
"GO:0031692","F"
"GO:0031696","F"
"GO:0031996","F"
"GO:0032811","P"
"GO:0035624","P"
"GO:0045955","P"
"GO:0051044","P"
"GO:0061179","P"
"GO:0071881","P"
"GO:0071882","P"
"GO:0004969","F"
"GO:0032962","P"
"GO:0048245","P"
"GO:0007208","P"
"GO:0010513","P"
"GO:0014824","P"
"GO:0050966","P"
"GO:0070852","C"
"GO:0071886","F"
"GO:0090722","F"
"GO:0010960","P"
"GO:0033270","C"
"GO:0099505","P"
"GO:0038046","F"
"GO:0097444","C"
"GO:0098992","C"
"GO:0042923","F"
"GO:0007218","P"
"GO:0031635","P"
"GO:0033603","P"
"GO:0033685","P"
"GO:0038048","F"
"GO:0044849","P"
"GO:1903937","P"
"GO:1904000","P"
"GO:1990708","P"
"GO:0005004","F"
"GO:0005166","F"
"GO:0010465","F"
"GO:0021553","P"
"GO:0038180","P"
"GO:0048406","F"
"GO:0051599","P"
"GO:0060385","P"
"GO:0061368","P"
"GO:0071316","P"
"GO:0014068","P"
"GO:0019227","P"
"GO:0046548","P"
"GO:0048403","F"
"GO:0060175","F"
"GO:0099183","P"
"GO:2000811","P"
"GO:0099551","P"
"GO:1990416","P"
"GO:0007197","P"
"GO:0016907","F"
"GO:0001587","F"
"GO:0004979","F"
"GO:0031005","F"
"GO:0032100","P"
"GO:0038047","F"
"GO:0061358","P"
"GO:0071315","P"
"GO:0106072","P"
"GO:0031681","F"
"GO:0004435","F"
"GO:0007207","P"
"GO:0098981","C"
"GO:0032280","C"
"GO:1904695","P"
"GO:0060304","P"
"GO:0005516","F"
"GO:0008331","F"
"GO:0010881","P"
"GO:0035585","P"
"GO:0045762","P"
"GO:0086045","P"
"GO:0086056","F"
"GO:0098912","P"
"GO:1990454","C"
"GO:0023021","P"
"GO:0061750","F"
"GO:0086048","P"
"GO:0060372","P"
"GO:0086046","P"
"GO:0099059","C"
"GO:0099635","F"
"GO:0099703","P"
"GO:0050908","P"
"GO:0071313","P"
"GO:1904879","P"
"GO:0090314","P"
"GO:0090650","P"
"GO:0060371","P"
"GO:0004971","F"
"GO:0032281","C"
"GO:0098843","C"
"GO:0005234","F"
"GO:0015277","F"
"GO:0031624","F"
"GO:0043525","P"
"GO:0048172","P"
"GO:0099507","F"
"GO:0032983","C"
"GO:0017075","F"
"GO:0043014","F"
"GO:0048487","F"
"GO:0032148","P"
"GO:0016600","C"
"GO:0008343","P"
"GO:0032099","P"
"GO:0032812","P"
"GO:0045779","P"
"GO:0051971","P"
"GO:0019534","F"
"GO:0051615","P"
"GO:1901998","P"
"GO:0052106","P"
"GO:0060731","P"
"GO:0070715","P"
"GO:0042137","P"
"GO:0070083","C"
"GO:0070474","P"
"GO:0070473","P"
"GO:0000185","P"
"GO:0001891","C"
"GO:0002740","P"
"GO:0002876","P"
"GO:0002925","P"
"GO:0005164","F"
"GO:0010693","P"
"GO:0034116","P"
"GO:0035509","P"
"GO:0045410","P"
"GO:0045416","P"
"GO:0045662","P"
"GO:0045668","P"
"GO:0050754","P"
"GO:0050830","P"
"GO:0050901","P"
"GO:0051000","P"
"GO:0051897","P"
"GO:0060559","P"
"GO:0060664","P"
"GO:0061048","P"
"GO:0071803","P"
"GO:0097527","P"
"GO:1900222","P"
"GO:1901224","P"
"GO:1901671","P"
"GO:1903347","P"
"GO:1904999","P"
"GO:2000010","P"
"GO:2000304","P"
"GO:2000334","P"
"GO:2000778","P"
"GO:2001240","P"
"GO:0043198","C"
"GO:0035176","P"
"GO:0099149","P"
"GO:0031748","F"
"GO:0032416","P"
"GO:0048715","P"
"GO:0050883","P"
"GO:0060161","P"
"GO:0001992","P"
"GO:0033861","P"
"GO:0001530","F"
"GO:0004252","F"
"GO:0005796","C"
"GO:0008083","F"
"GO:0051838","P"
"GO:0051918","P"
"GO:0070053","F"
"GO:0070945","P"
"GO:1900016","P"
"GO:1900738","P"
"GO:0008385","C"
"GO:0035631","C"
"GO:0035666","P"
"GO:0031625","F"
"GO:0035026","P"
"GO:0035976","C"
"GO:0043922","P"
"GO:0045657","P"
"GO:0051365","P"
"GO:0070412","F"
"GO:0071837","F"
"GO:1990441","P"
"GO:0000320","P"
"GO:0003714","F"
"GO:0010971","P"
"GO:0033601","P"
"GO:0045737","P"
"GO:0070064","F"
"GO:0070141","P"
"GO:0071157","P"
"GO:0097421","P"
"GO:0002741","P"
"GO:0006975","P"
"GO:0010759","P"
"GO:0031143","C"
"GO:0032212","P"
"GO:0033129","P"
"GO:0038096","P"
"GO:0042473","P"
"GO:0048538","P"
"GO:0060020","P"
"GO:0060440","P"
"GO:0090170","P"
"GO:1900034","P"
"GO:1904355","P"
"GO:2000657","P"
"GO:0010800","P"
"GO:0015966","P"
"GO:0019858","P"
"GO:0031435","F"
"GO:0060716","P"
"GO:0097011","P"
"GO:0005547","F"
"GO:0010748","P"
"GO:0010918","P"
"GO:0030235","F"
"GO:0031295","P"
"GO:0031999","P"
"GO:0032079","P"
"GO:0032287","P"
"GO:0032794","F"
"GO:0043325","F"
"GO:0045725","P"
"GO:0045746","P"
"GO:0045792","P"
"GO:0046326","P"
"GO:0060709","P"
"GO:0071889","F"
"GO:0090201","P"
"GO:0100002","P"
"GO:0140052","P"
"GO:1903721","P"
"GO:1990418","P"
"GO:0015127","F"
"GO:0015694","P"
"GO:0015723","P"
"GO:0030644","P"
"GO:0070327","P"
"GO:1901086","P"
"GO:0015949","P"
"GO:0004791","F"
"GO:0002930","P"
"GO:0030199","P"
"GO:0033629","P"
"GO:0042574","P"
"GO:0061304","P"
"GO:0071603","P"
"GO:0004861","F"
"GO:0006977","P"
"GO:0019912","F"
"GO:0030332","F"
"GO:0045736","P"
"GO:0060574","P"
"GO:0070557","C"
"GO:0071493","P"
"GO:0071850","P"
"GO:0090399","P"
"GO:1905179","P"
"GO:0000979","F"
"GO:0060766","P"
"GO:1904837","P"
"GO:0007182","P"
"GO:0030578","P"
"GO:0042406","C"
"GO:0043153","P"
"GO:0050713","P"
"GO:0004032","F"
"GO:0018636","F"
"GO:0042448","P"
"GO:0044597","P"
"GO:0044598","P"
"GO:0047086","F"
"GO:0047115","F"
"GO:0047718","F"
"GO:0071395","P"
"GO:0043531","F"
"GO:0008607","F"
"GO:0014873","P"
"GO:0004962","F"
"GO:0048484","P"
"GO:0086100","P"
"GO:0000733","P"
"GO:0001094","F"
"GO:0002309","P"
"GO:0007406","P"
"GO:0008340","P"
"GO:0010666","P"
"GO:0043504","P"
"GO:0048539","P"
"GO:0061419","P"
"GO:0062100","P"
"GO:0070245","P"
"GO:0071494","P"
"GO:0072363","P"
"GO:0072717","P"
"GO:0090200","P"
"GO:0090403","P"
"GO:0097371","F"
"GO:0097718","F"
"GO:1900119","P"
"GO:1900740","P"
"GO:1903799","P"
"GO:1903800","P"
"GO:1904024","P"
"GO:1990440","P"
"GO:0001554","P"
"GO:0021589","P"
"GO:0031204","P"
"GO:0035437","P"
"GO:0051787","F"
"GO:0060904","P"
"GO:0090074","P"
"GO:1903895","P"
"GO:1904313","P"
"GO:0044183","F"
"GO:0051085","P"
"GO:0043027","F"
"GO:0004711","F"
"GO:0007253","P"
"GO:0008139","F"
"GO:0010875","P"
"GO:0008656","F"
"GO:0016540","P"
"GO:0050700","F"
"GO:0072558","C"
"GO:0072559","C"
"GO:0097169","C"
"GO:1903265","P"
"GO:0097199","F"
"GO:0007413","P"
"GO:0016005","F"
"GO:0030889","P"
"GO:0046007","P"
"GO:0061713","P"
"GO:0072734","P"
"GO:0097200","F"
"GO:0015671","P"
"GO:0045656","P"
"GO:0090096","P"
"GO:1905643","P"
"GO:0000701","F"
"GO:0006287","P"
"GO:0032405","F"
"GO:0043626","C"
"GO:0070182","F"
"GO:0070987","P"
"GO:1902990","P"
"GO:0030337","F"
"GO:0006272","P"
"GO:0003680","F"
"GO:0019896","P"
"GO:0031116","P"
"GO:0034452","F"
"GO:0045298","C"
"GO:0048312","P"
"GO:0090258","P"
"GO:0097418","C"
"GO:0099077","F"
"GO:0099609","F"
"GO:1904115","C"
"GO:1905689","P"
"GO:0015420","F"
"GO:0015431","F"
"GO:0015889","P"
"GO:0071716","P"
"GO:0034775","P"
"GO:0034634","F"
"GO:1904724","C"
"GO:0019864","F"
"GO:0070402","F"
"GO:0008239","F"
"GO:0010716","P"
"GO:0031258","C"
"GO:0035641","P"
"GO:0016404","F"
"GO:0031088","C"
"GO:0034752","C"
"GO:1904613","P"
"GO:0016934","F"
"GO:0030977","F"
"GO:0051970","P"
"GO:0060012","P"
"GO:0060013","P"
"GO:0060077","C"
"GO:0098690","C"
"GO:0021562","P"
"GO:0021771","P"
"GO:0042320","P"
"GO:0045759","P"
"GO:0002223","P"
"GO:0002479","P"
"GO:0005782","C"
"GO:0008379","F"
"GO:0045454","P"
"GO:0003886","F"
"GO:0008327","F"
"GO:0010216","P"
"GO:0043045","P"
"GO:0051571","P"
"GO:0090116","P"
"GO:1905460","P"
"GO:1905931","P"
"GO:0004126","F"
"GO:0009972","P"
"GO:1904813","C"
"GO:0004422","F"
"GO:0006178","P"
"GO:0046038","P"
"GO:0052657","F"
"GO:0032263","P"
"GO:0008119","F"
"GO:1904047","F"
"GO:0004769","F"
"GO:0018916","P"
"GO:0045171","C"
"GO:0070458","P"
"GO:0010592","P"
"GO:0032587","C"
"GO:0032707","P"
"GO:0035025","P"
"GO:0035774","P"
"GO:0050690","P"
"GO:0051022","F"
"GO:0051496","P"
"GO:0051894","P"
"GO:0055038","C"
"GO:0071526","P"
"GO:0090023","P"
"GO:1900026","P"
"GO:0008045","P"
"GO:0016601","P"
"GO:0003865","F"
"GO:0006702","P"
"GO:0009917","F"
"GO:0030283","F"
"GO:0047751","F"
"GO:0004503","F"
"GO:0006583","P"
"GO:0006726","P"
"GO:0033162","C"
"GO:0006707","P"
"GO:0030573","P"
"GO:0047787","F"
"GO:0004965","F"
"GO:0038039","C"
"GO:0008022","F"
"GO:0004051","F"
"GO:0016363","C"
"GO:0008240","F"
"GO:0008241","F"
"GO:0031434","F"
"GO:0031711","F"
"GO:0060177","P"
"GO:0070573","F"
"GO:1900086","P"
"GO:1903597","P"
"GO:2000170","P"
"GO:0004489","F"
"GO:0033274","P"
"GO:0035999","P"
"GO:0046655","P"
"GO:0070829","P"
"GO:0005427","F"
"GO:0015333","F"
"GO:0071916","F"
"GO:1990961","P"
"GO:0008511","F"
"GO:0030007","P"
"GO:0034465","P"
"GO:0045794","P"
"GO:0060072","F"
"GO:0001518","C"
"GO:0071439","C"
"GO:0004771","F"
"GO:0047374","F"
"GO:0051791","P"
"GO:0080030","F"
"GO:0090122","P"
"GO:0004806","F"
"GO:0003360","P"
"GO:0014894","P"
"GO:0017134","F"
"GO:0060373","P"
"GO:0086047","P"
"GO:0086060","F"
"GO:0086061","F"
"GO:0086062","F"
"GO:0086063","F"
"GO:0003420","P"
"GO:0003958","F"
"GO:0004128","F"
"GO:0008941","F"
"GO:0032332","P"
"GO:0043602","P"
"GO:0045880","P"
"GO:0046210","P"
"GO:0047726","F"
"GO:0071372","P"
"GO:0090031","P"
"GO:0010181","F"
"GO:0005391","F"
"GO:0005890","C"
"GO:0030955","F"
"GO:0031402","F"
"GO:1903416","P"
"GO:0006349","P"
"GO:0034236","F"
"GO:0034237","F"
"GO:0014883","P"
"GO:0031014","F"
"GO:0005513","P"
"GO:0007223","P"
"GO:0010801","P"
"GO:0010856","F"
"GO:0019855","F"
"GO:0022400","P"
"GO:0031432","F"
"GO:0031997","F"
"GO:0032516","P"
"GO:0043539","F"
"GO:0051343","P"
"GO:0060315","P"
"GO:0060316","P"
"GO:0075206","P"
"GO:0004117","F"
"GO:0048101","F"
"GO:0046069","P"
"GO:0004958","F"
"GO:0071799","P"
"GO:0120061","P"
"GO:0004957","F"
"GO:0060455","P"
"GO:0001758","F"
"GO:0004745","F"
"GO:0016488","P"
"GO:0035410","F"
"GO:0036130","F"
"GO:0036131","F"
"GO:0045550","F"
"GO:0045703","F"
"GO:0047017","F"
"GO:0047020","F"
"GO:0047035","F"
"GO:0047045","F"
"GO:0052650","F"
"GO:1900053","P"
"GO:2000224","P"
"GO:2000353","P"
"GO:0003910","F"
"GO:0004298","F"
"GO:0031145","P"
"GO:0031146","P"
"GO:1902036","P"
"GO:0010499","P"
"GO:0014826","P"
"GO:0031702","F"
"GO:0060406","P"
"GO:0005260","F"
"GO:0006904","P"
"GO:0019869","F"
"GO:0106138","F"
"GO:1902161","P"
"GO:1902943","P"
"GO:0030321","P"
"GO:0045795","P"
"GO:0070634","P"
"GO:0040040","P"
"GO:0001618","F"
"GO:0001626","F"
"GO:1904058","P"
"GO:1904059","P"
"GO:0070373","P"
"GO:0004464","F"
"GO:0005219","F"
"GO:0014701","C"
"GO:0014802","C"
"GO:0030314","C"
"GO:0048763","F"
"GO:1990425","C"
"GO:0004118","F"
"GO:0030553","F"
"GO:0010754","P"
"GO:0042301","F"
"GO:0032045","C"
"GO:0055118","P"
"GO:0004677","F"
"GO:0005958","C"
"GO:0033153","P"
"GO:0035234","P"
"GO:2000773","P"
"GO:2001034","P"
"GO:0016303","F"
"GO:0033031","P"
"GO:0042629","C"
"GO:0046934","F"
"GO:0052812","F"
"GO:0036092","P"
"GO:0035005","F"
"GO:0005943","C"
"GO:0038028","P"
"GO:0043560","F"
"GO:0044029","P"
"GO:2000270","P"
"GO:2000653","P"
"GO:0040016","P"
"GO:0050882","P"
"GO:0002331","P"
"GO:0007094","P"
"GO:0007143","P"
"GO:0045141","P"
"GO:0071044","P"
"GO:0097694","P"
"GO:0097695","P"
"GO:1904262","P"
"GO:1904884","P"
"GO:1905843","P"
"GO:0010839","P"
"GO:0010980","P"
"GO:0038186","F"
"GO:0045618","P"
"GO:0060058","P"
"GO:1902098","F"
"GO:1902121","F"
"GO:0008403","F"
"GO:0030342","F"
"GO:0042369","P"
"GO:0009954","P"
"GO:1902118","F"
"GO:0001596","F"
"GO:0002034","P"
"GO:0004945","F"
"GO:0010744","P"
"GO:0010873","P"
"GO:0033864","P"
"GO:0034374","P"
"GO:0086097","P"
"GO:1903589","P"
"GO:0004799","F"
"GO:0005542","F"
"GO:0006231","P"
"GO:0006235","P"
"GO:0019088","P"
"GO:1990825","F"
"GO:0006210","P"
"GO:0006212","P"
"GO:0006214","P"
"GO:0017113","F"
"GO:0019483","P"
"GO:0051539","F"
"GO:0002058","F"
"GO:0001955","P"
"GO:0001957","P"
"GO:0060325","P"
"GO:0051549","P"
"GO:2001268","P"
"GO:0004301","F"
"GO:0004463","F"
"GO:0004947","F"
"GO:0072719","P"
"GO:0098705","P"
"GO:0006878","P"
"GO:1902311","P"
"GO:0001878","P"
"GO:0002149","P"
"GO:0097013","C"
"GO:1990268","P"
"GO:0010273","P"
"GO:0036016","P"
"GO:0004784","F"
"GO:0045541","P"
"GO:0060052","P"
"GO:0060088","P"
"GO:0097332","P"
"GO:1902177","P"
"GO:0003955","F"
"GO:0016532","F"
"GO:0031069","P"
"GO:0032767","F"
"GO:0034760","P"
"GO:0043682","F"
"GO:0045793","P"
"GO:0048251","P"
"GO:0051542","P"
"GO:0060003","P"
"GO:0071279","P"
"GO:1903136","F"
"GO:1904754","P"
"GO:0015680","P"
"GO:0004362","F"
"GO:0003169","P"
"GO:0005161","F"
"GO:0030949","P"
"GO:0031077","P"
"GO:0038033","P"
"GO:0038091","P"
"GO:0038190","P"
"GO:0042056","F"
"GO:0043129","P"
"GO:0043183","F"
"GO:0043184","F"
"GO:0048842","P"
"GO:0050930","P"
"GO:0060319","P"
"GO:0060948","P"
"GO:0060982","P"
"GO:0071679","P"
"GO:0090190","P"
"GO:0097475","P"
"GO:0097533","P"
"GO:1901727","P"
"GO:1902336","P"
"GO:1903141","P"
"GO:1903572","P"
"GO:2000048","P"
"GO:0060754","P"
"GO:0006182","P"
"GO:0007168","P"
"GO:0008613","F"
"GO:0001947","P"
"GO:0003104","P"
"GO:0003294","P"
"GO:0005916","C"
"GO:0005922","C"
"GO:0010232","P"
"GO:0010652","P"
"GO:0015867","P"
"GO:0055077","F"
"GO:0060044","P"
"GO:0060156","P"
"GO:0071253","F"
"GO:0071374","P"
"GO:0086075","F"
"GO:1905867","P"
"GO:2000987","P"
"GO:0002102","C"
"GO:0007157","P"
"GO:0022614","P"
"GO:0060945","P"
"GO:0071065","C"
"GO:0140039","P"
"GO:0002523","P"
"GO:0033691","F"
"GO:0043274","F"
"GO:0070492","F"
"GO:0001922","P"
"GO:0002248","P"
"GO:0021502","P"
"GO:0032364","P"
"GO:0042541","P"
"GO:0042789","P"
"GO:0045648","P"
"GO:0061030","P"
"GO:0061072","P"
"GO:0070101","P"
"GO:0097411","P"
"GO:2001054","P"
"GO:0004063","F"
"GO:0034366","C"
"GO:0102007","F"
"GO:1902617","P"
"GO:0034445","P"
"GO:0014732","P"
"GO:0032819","P"
"GO:0032825","P"
"GO:0035723","P"
"GO:0045062","P"
"GO:0048535","P"
"GO:0120163","P"
"GO:1904100","P"
"GO:0005134","F"
"GO:0031851","F"
"GO:0042104","P"
"GO:0046013","P"
"GO:0048304","P"
"GO:0051024","P"
"GO:0035578","C"
"GO:0010667","P"
"GO:1905564","P"
"GO:2000352","P"
"GO:0050910","P"
"GO:0002755","P"
"GO:0035197","F"
"GO:0036020","C"
"GO:0045078","P"
"GO:0045322","F"
"GO:0045359","P"
"GO:0051770","P"
"GO:0010164","P"
"GO:0031073","F"
"GO:0047749","F"
"GO:0031210","F"
"GO:0004630","F"
"GO:0035579","C"
"GO:0006646","P"
"GO:0008292","P"
"GO:0004103","F"
"GO:0004102","F"
"GO:0005307","F"
"GO:0004507","F"
"GO:0047783","F"
"GO:0003918","F"
"GO:0006265","P"
"GO:0008301","F"
"GO:0009330","C"
"GO:0019035","C"
"GO:0030263","P"
"GO:0045870","P"
"GO:1905463","P"
"GO:0000712","P"
"GO:0003095","P"
"GO:0018685","F"
"GO:0036101","P"
"GO:0050051","F"
"GO:0006307","P"
"GO:0045007","P"
"GO:0001869","P"
"GO:0019959","F"
"GO:0043120","F"
"GO:0008198","F"
"GO:0008199","F"
"GO:0015091","F"
"GO:0031232","C"
"GO:0034986","F"
"GO:1990459","F"
"GO:1990712","C"
"GO:0006651","P"
"GO:0032311","C"
"GO:0043220","C"
"GO:0047655","F"
"GO:0032463","P"
"GO:0050847","P"
"GO:0051902","P"
"GO:0070700","F"
"GO:0086098","P"
"GO:0043152","P"
"GO:0006559","P"
"GO:0004167","F"
"GO:0031666","P"
"GO:0033033","P"
"GO:0043518","P"
"GO:0050178","F"
"GO:0061078","P"
"GO:0090238","P"
"GO:0010642","P"
"GO:0030948","P"
"GO:1903543","P"
"GO:0005579","C"
"GO:0006957","P"
"GO:0006193","P"
"GO:0035870","F"
"GO:0006148","P"
"GO:0006738","P"
"GO:0034418","P"
"GO:0004137","F"
"GO:0004748","F"
"GO:0005971","C"
"GO:0070317","P"
"GO:0003887","F"
"GO:0005658","C"
"GO:0006269","P"
"GO:1904161","P"
"GO:1902975","P"
"GO:0003688","F"
"GO:0019103","F"
"GO:0042766","P"
"GO:0032000","P"
"GO:0045722","P"
"GO:0051525","F"
"GO:0061052","P"
"GO:0070166","P"
"GO:0072366","P"
"GO:0072369","P"
"GO:1902894","P"
"GO:0001093","F"
"GO:0001547","P"
"GO:0030284","F"
"GO:0034056","F"
"GO:0035327","C"
"GO:0060068","P"
"GO:0060523","P"
"GO:0060527","P"
"GO:0060750","P"
"GO:0097550","C"
"GO:0001621","F"
"GO:0006930","P"
"GO:0021808","P"
"GO:0033626","P"
"GO:0033630","P"
"GO:0035589","P"
"GO:0043552","P"
"GO:1900029","P"
"GO:1904141","P"
"GO:0070165","P"
"GO:0070553","F"
"GO:0005640","C"
"GO:0003924","F"
"GO:0005525","F"
"GO:0042288","F"
"GO:0097711","P"
"GO:0032782","P"
"GO:0061092","P"
"GO:1901557","P"
"GO:1903413","P"
"GO:0000287","F"
"GO:0031528","C"
"GO:0050786","F"
"GO:0033353","P"
"GO:0005905","C"
"GO:0006824","P"
"GO:0003139","P"
"GO:1905167","P"
"GO:0032435","P"
"GO:0019061","P"
"GO:0019064","P"
"GO:0019068","P"
"GO:0046790","F"
"GO:0051082","F"
"GO:0075713","P"
"GO:0042026","P"
"GO:0005757","C"
"GO:1902445","P"
"GO:0016446","P"
"GO:0015862","P"
"GO:0008253","F"
"GO:0046086","P"
"GO:0006196","P"
"GO:0004616","F"
"GO:0009051","P"
"GO:0046177","P"
"GO:0001228","F"
"GO:0097211","P"
"GO:0004968","F"
"GO:0031727","F"
"GO:0035684","P"
"GO:1904783","P"
"GO:2000427","P"
"GO:2000502","P"
"GO:0008009","F"
"GO:0001542","P"
"GO:0038001","P"
"GO:0005178","F"
"GO:0038128","P"
"GO:0042169","F"
"GO:0046875","F"
"GO:0051895","P"
"GO:0000400","F"
"GO:0000405","F"
"GO:0002322","P"
"GO:0002333","P"
"GO:0003785","F"
"GO:0004515","F"
"GO:0017124","F"
"GO:0030035","P"
"GO:0030145","F"
"GO:0032489","P"
"GO:0033690","P"
"GO:0038191","F"
"GO:0051015","F"
"GO:0090135","P"
"GO:1900042","P"
"GO:1900275","P"
"GO:1902715","P"
"GO:1904531","P"
"GO:1905555","P"
"GO:1990051","P"
"GO:2000096","P"
"GO:2000251","P"
"GO:0097100","F"
"GO:0010730","P"
"GO:0099092","C"
"GO:1905664","P"
"GO:0005154","F"
"GO:0002318","P"
"GO:0005020","F"
"GO:0008354","P"
"GO:0035855","P"
"GO:0038162","P"
"GO:0048170","P"
"GO:0097324","P"
"GO:0097326","P"
"GO:0120072","P"
"GO:1904343","P"
"GO:1904349","P"
"GO:0035441","P"
"GO:0035793","P"
"GO:0038085","F"
"GO:0048407","F"
"GO:0036342","P"
"GO:1901491","P"
"GO:1903348","P"
"GO:0035259","F"
"GO:0038111","P"
"GO:0038113","P"
"GO:0060397","P"
"GO:0071226","P"
"GO:0032765","P"
"GO:0071376","P"
"GO:0010989","P"
"GO:0042997","P"
"GO:0005758","C"
"GO:0034988","F"
"GO:0023026","F"
"GO:0061635","P"
"GO:0061740","P"
"GO:0061741","P"
"GO:0072318","P"
"GO:0098575","C"
"GO:0101031","C"
"GO:1904764","P"
"GO:0099524","C"
"GO:0099523","C"
"GO:1990832","P"
"GO:1990833","F"
"GO:0061738","P"
"GO:0034136","P"
"GO:0034144","P"
"GO:1902961","P"
"GO:2000670","P"
"GO:0004709","F"
"GO:0071223","P"
"GO:0099179","P"
"GO:2001184","P"
"GO:0006189","P"
"GO:0071421","P"
"GO:0044308","C"
"GO:0002125","P"
"GO:0031894","F"
"GO:0042631","P"
"GO:0005000","F"
"GO:0035811","P"
"GO:0016607","C"
"GO:0019834","F"
"GO:0097350","P"
"GO:2000483","P"
"GO:1900138","P"
"GO:0002227","P"
"GO:0004517","F"
"GO:0034617","F"
"GO:0034618","F"
"GO:0021854","P"
"GO:0043130","F"
"GO:0005814","C"
"GO:0016175","F"
"GO:0030670","C"
"GO:0042535","P"
"GO:0043020","C"
"GO:1904044","P"
"GO:1904845","P"
"GO:0003106","P"
"GO:0014895","P"
"GO:0034137","P"
"GO:0070257","P"
"GO:0032010","C"
"GO:0016176","F"
"GO:0100001","P"
"GO:0036148","P"
"GO:0036149","P"
"GO:0047498","F"
"GO:0050682","F"
"GO:0016036","P"
"GO:0016206","F"
"GO:0045963","P"
"GO:0050668","P"
"GO:0102084","F"
"GO:0102938","F"
"GO:0048019","F"
"GO:0000993","F"
"GO:0043697","P"
"GO:0045494","P"
"GO:0071931","P"
"GO:0090282","P"
"GO:1902459","P"
"GO:2000035","P"
"GO:2000737","P"
"GO:0032039","C"
"GO:0001162","F"
"GO:0017162","F"
"GO:0030375","F"
"GO:1904017","P"
"GO:1904346","P"
"GO:0015132","F"
"GO:0070885","P"
"GO:0043878","F"
"GO:0004500","F"
"GO:0031418","F"
"GO:0034466","C"
"GO:0042309","P"
"GO:0042421","P"
"GO:0042584","C"
"GO:0006589","P"
"GO:0001227","F"
"GO:0034983","P"
"GO:0009450","P"
"GO:0043415","P"
"GO:0070539","F"
"GO:0002931","P"
"GO:0014042","P"
"GO:0021747","P"
"GO:0032848","P"
"GO:0033689","P"
"GO:0043375","P"
"GO:0043497","P"
"GO:0045636","P"
"GO:0046671","P"
"GO:0048743","P"
"GO:0051434","F"
"GO:1902166","P"
"GO:0002162","F"
"GO:0031115","P"
"GO:0043203","C"
"GO:0097441","C"
"GO:1902737","C"
"GO:0035198","F"
"GO:0005275","F"
"GO:0043190","C"
"GO:0042376","P"
"GO:0019640","P"
"GO:0047939","F"
"GO:0047941","F"
"GO:0042840","P"
"GO:0019853","P"
"GO:0003180","P"
"GO:0014740","P"
"GO:0014806","P"
"GO:0046870","F"
"GO:0051612","P"
"GO:0140196","P"
"GO:0015990","P"
"GO:0001042","F"
"GO:0031428","C"
"GO:0001650","C"
"GO:0005811","C"
"GO:0035965","P"
"GO:0008116","F"
"GO:0035360","P"
"GO:0005006","F"
"GO:0010750","P"
"GO:0033590","P"
"GO:0043006","P"
"GO:0070435","C"
"GO:0097489","C"
"GO:1900020","P"
"GO:1902722","P"
"GO:0048408","F"
"GO:0010040","P"
"GO:0071275","P"
"GO:1902425","P"
"GO:1902902","P"
"GO:1905672","P"
"GO:0032258","P"
"GO:0034271","C"
"GO:0034272","C"
"GO:0099641","P"
"GO:1901588","C"
"GO:1990535","P"
"GO:0032713","P"
"GO:0045295","F"
"GO:0070742","F"
"GO:1902262","P"
"GO:0021861","P"
"GO:0021943","P"
"GO:0022852","F"
"GO:0004024","F"
"GO:0035276","F"
"GO:0010430","P"
"GO:0008046","F"
"GO:0001030","F"
"GO:0001031","F"
"GO:0001156","F"
"GO:0002296","P"
"GO:0006207","P"
"GO:0014736","P"
"GO:0031931","C"
"GO:0043610","P"
"GO:0061051","P"
"GO:1903691","P"
"GO:1904056","P"
"GO:1904193","P"
"GO:1904197","P"
"GO:1904206","P"
"GO:1904213","P"
"GO:0016605","C"
"GO:0005509","F"
"GO:0060992","P"
"GO:0001533","C"
"GO:0018149","P"
"GO:0001921","P"
"GO:0032804","P"
"GO:0035749","C"
"GO:0044147","P"
"GO:0044354","C"
"GO:0044548","F"
"GO:0052362","P"
"GO:1905581","P"
"GO:1905597","P"
"GO:1905599","P"
"GO:1905602","P"
"GO:1990667","C"
"GO:0044794","P"
"GO:0044730","F"
"GO:0001786","F"
"GO:0072563","C"
"GO:1902721","P"
"GO:0061575","F"
"GO:0004925","F"
"GO:0038161","P"
"GO:0042978","F"
"GO:0002017","P"
"GO:0003845","F"
"GO:2000266","P"
"GO:0007598","P"
"GO:0003725","F"
"GO:0004998","F"
"GO:0018401","P"
"GO:0051344","P"
"GO:0005833","C"
"GO:0022627","C"
"GO:0031838","C"
"GO:0031720","F"
"GO:0005344","F"
"GO:0004322","F"
"GO:0006880","P"
"GO:0008043","C"
"GO:0044754","C"
"GO:0009650","P"
"GO:0017108","F"
"GO:0045876","P"
"GO:0032074","P"
"GO:0045008","P"
"GO:0140078","F"
"GO:0052654","F"
"GO:0052655","F"
"GO:0052656","F"
"GO:0009099","P"
"GO:0009098","P"
"GO:0004550","F"
"GO:0008035","F"
"GO:0034186","F"
"GO:0034188","F"
"GO:0038027","P"
"GO:0043691","P"
"GO:0055091","P"
"GO:0060155","P"
"GO:0071397","P"
"GO:0090108","P"
"GO:0090556","F"
"GO:0120020","F"
"GO:0031307","C"
"GO:0005133","F"
"GO:0032700","P"
"GO:0032747","P"
"GO:0032834","P"
"GO:0033141","P"
"GO:0045348","P"
"GO:0050725","P"
"GO:0060550","P"
"GO:0060552","P"
"GO:1902948","P"
"GO:1904440","P"
"GO:1904798","P"
"GO:2000309","P"
"GO:0004964","F"
"GO:0035472","F"
"GO:0038106","F"
"GO:0042700","P"
"GO:0071373","P"
"GO:0031697","F"
"GO:0033130","F"
"GO:0097109","F"
"GO:1902283","P"
"GO:0016222","C"
"GO:0004656","F"
"GO:0016327","C"
"GO:0015057","F"
"GO:0010820","P"
"GO:0090026","P"
"GO:0060075","P"
"GO:0005011","F"
"GO:0045217","P"
"GO:0061518","P"
"GO:1990682","C"
"GO:0023019","P"
"GO:0038062","F"
"GO:0038063","P"
"GO:0004462","F"
"GO:0042645","C"
"GO:0003917","F"
"GO:0031298","C"
"GO:0005068","F"
"GO:0043125","F"
"GO:0043559","F"
"GO:0046935","F"
"GO:0004383","F"
"GO:0016941","F"
"GO:0008398","F"
"GO:0033488","P"
"GO:0007217","P"
"GO:0004146","F"
"GO:0006729","P"
"GO:0046452","P"
"GO:0051870","F"
"GO:0033088","P"
"GO:0033116","C"
"GO:0042605","F"
"GO:1990668","P"
"GO:0033540","P"
"GO:0089709","P"
"GO:0007257","P"
"GO:0044691","P"
"GO:0051466","P"
"GO:0071812","P"
"GO:0071848","P"
"GO:2001206","P"
"GO:0030513","P"
"GO:0070051","F"
"GO:1903142","P"
"GO:0016342","C"
"GO:0005923","C"
"GO:0016339","P"
"GO:0090073","P"
"GO:0015190","F"
"GO:0015196","F"
"GO:1904556","P"
"GO:1990184","C"
"GO:0006296","P"
"GO:0042769","P"
"GO:0046855","P"
"GO:0002039","F"
"GO:0030877","C"
"GO:0071109","P"
"GO:1904886","P"
"GO:1990909","C"
"GO:0015485","F"
"GO:0015143","F"
"GO:0015747","P"
"GO:0004949","F"
"GO:0038171","P"
"GO:0051001","P"
"GO:0006183","P"
"GO:1902741","P"
"GO:0006127","P"
"GO:0009331","C"
"GO:0046168","P"
"GO:0004367","F"
"GO:0001875","F"
"GO:0032497","P"
"GO:0034128","P"
"GO:0035662","F"
"GO:0046696","C"
"GO:0015350","F"
"GO:0051958","P"
"GO:0004643","F"
"GO:0003937","F"
"GO:0008518","F"
"GO:0061626","P"
"GO:0005096","F"
"GO:0004511","F"
"GO:0006585","P"
"GO:0018963","P"
"GO:0035900","P"
"GO:0042418","P"
"GO:0061436","P"
"GO:0035505","P"
"GO:0045086","P"
"GO:0060355","P"
"GO:0070164","P"
"GO:0071639","P"
"GO:2000556","P"
"GO:0008635","P"
"GO:0006123","P"
"GO:0003051","P"
"GO:0046813","P"
"GO:1903598","P"
"GO:0004974","F"
"GO:0061737","P"
"GO:0004966","F"
"GO:0042632","P"
"GO:0005124","F"
"GO:0002430","P"
"GO:0043335","P"
"GO:0045040","P"
"GO:1902949","P"
"GO:0004315","F"
"GO:0008431","F"
"GO:0007042","P"
"GO:0016290","F"
"GO:0005324","F"
"GO:0071285","P"
"GO:2000667","P"
"GO:0070538","F"
"GO:0140214","P"
"GO:2001245","P"
"GO:0005989","P"
"GO:0010764","P"
"GO:0014843","P"
"GO:2000546","P"
"GO:0017147","F"
"GO:1902174","P"
"GO:0031841","F"
"GO:0022417","P"
"GO:0034713","F"
"GO:0060347","P"
"GO:0140009","P"
"GO:0110024","P"
"GO:1903984","P"
"GO:0036091","P"
"GO:1990037","C"
"GO:0004351","F"
"GO:0006540","P"
"GO:0009449","P"
"GO:0019442","P"
"GO:0045329","P"
"GO:0070905","F"
"GO:0004069","F"
"GO:0004609","F"
"GO:0006114","P"
"GO:0006533","P"
"GO:0019550","P"
"GO:0019551","P"
"GO:0047801","F"
"GO:0006532","P"
"GO:0034214","P"
"GO:0014053","P"
"GO:0032144","C"
"GO:0032145","F"
"GO:0034386","F"
"GO:0047298","F"
"GO:0090331","P"
"GO:0097151","P"
"GO:1904450","P"
"GO:0008117","F"
"GO:0006572","P"
"GO:0046512","P"
"GO:0031247","P"
"GO:0033668","P"
"GO:0042270","P"
"GO:0032133","C"
"GO:0004074","F"
"GO:0030023","F"
"GO:0071953","C"
"GO:0001851","F"
"GO:0034688","C"
"GO:0043315","P"
"GO:2000363","P"
"GO:0070413","P"
"GO:0036328","F"
"GO:0090141","P"
"GO:0097443","C"
"GO:1904881","P"
"GO:2001214","P"
"GO:0005007","F"
"GO:0021847","P"
"GO:0035607","P"
"GO:0042474","P"
"GO:0048378","P"
"GO:0060484","P"
"GO:0060665","P"
"GO:0090080","P"
"GO:0090272","P"
"GO:1903465","P"
"GO:2000830","P"
"GO:0007158","P"
"GO:2001241","P"
"GO:0036323","P"
"GO:0036326","F"
"GO:0036327","F"
"GO:0036332","F"
"GO:0006489","P"
"GO:0005353","F"
"GO:0033300","F"
"GO:0055056","F"
"GO:0070837","P"
"GO:0005577","C"
"GO:0072377","P"
"GO:0030297","F"
"GO:0090370","P"
"GO:1900127","P"
"GO:1902966","P"
"GO:0046952","P"
"GO:0004796","F"
"GO:0033489","P"
"GO:0033490","P"
"GO:0047750","F"
"GO:0000247","F"
"GO:0007077","P"
"GO:0035403","F"
"GO:0035408","P"
"GO:0035866","C"
"GO:0050861","P"
"GO:0004699","F"
"GO:0035669","P"
"GO:2001031","P"
"GO:0004698","F"
"GO:0031584","P"
"GO:0035748","C"
"GO:0045179","C"
"GO:0098696","P"
"GO:2000553","P"
"GO:2000664","P"
"GO:2001181","P"
"GO:0005114","F"
"GO:0009817","P"
"GO:0010862","P"
"GO:0010936","P"
"GO:0014008","P"
"GO:0031536","P"
"GO:0034714","F"
"GO:0043011","P"
"GO:0043932","P"
"GO:0048298","P"
"GO:0060364","P"
"GO:0060391","P"
"GO:0060744","P"
"GO:0060762","P"
"GO:1900126","P"
"GO:1901203","P"
"GO:1901666","P"
"GO:1903911","P"
"GO:1905313","P"
"GO:1990402","P"
"GO:0031648","P"
"GO:0032703","P"
"GO:0050860","P"
"GO:0031805","F"
"GO:1903135","F"
"GO:0043008","F"
"GO:0005521","F"
"GO:0004668","F"
"GO:0016990","F"
"GO:0019546","P"
"GO:0036413","P"
"GO:0003149","P"
"GO:0032808","P"
"GO:0035602","P"
"GO:0035603","P"
"GO:0035604","P"
"GO:0060174","P"
"GO:0060449","P"
"GO:0060463","P"
"GO:0060501","P"
"GO:0060529","P"
"GO:0060595","P"
"GO:0060615","P"
"GO:0060667","P"
"GO:0060915","P"
"GO:0060916","P"
"GO:1901223","P"
"GO:0071556","C"
"GO:0000715","P"
"GO:0000717","P"
"GO:0003950","F"
"GO:0006293","P"
"GO:0006294","P"
"GO:0006295","P"
"GO:0010990","P"
"GO:0018312","P"
"GO:0018424","P"
"GO:0030592","P"
"GO:0070212","P"
"GO:0070213","P"
"GO:0070911","P"
"GO:0140294","F"
"GO:1903518","P"
"GO:1904762","P"
"GO:1905168","P"
"GO:1990404","F"
"GO:1990966","P"
"GO:0009744","P"
"GO:0014054","P"
"GO:0051939","P"
"GO:0005332","F"
"GO:1903896","P"
"GO:0031092","C"
"GO:0003756","F"
"GO:0031527","C"
"GO:0034683","C"
"GO:0035867","C"
"GO:0035868","C"
"GO:0045715","P"
"GO:0071062","C"
"GO:0019960","F"
"GO:0038132","F"
"GO:0004833","F"
"GO:0000932","C"
"GO:0044218","C"
"GO:0051919","P"
"GO:0052213","P"
"GO:1904854","F"
"GO:1990405","F"
"GO:0061624","P"
"GO:0018479","F"
"GO:0004028","F"
"GO:0048807","P"
"GO:0060157","P"
"GO:2001037","P"
"GO:0000050","P"
"GO:0004053","F"
"GO:0042832","P"
"GO:0051597","P"
"GO:0070965","P"
"GO:2000552","P"
"GO:0019547","P"
"GO:0000578","P"
"GO:0001702","P"
"GO:0001840","P"
"GO:0003266","P"
"GO:0003340","P"
"GO:0007398","P"
"GO:0007403","P"
"GO:0009948","P"
"GO:0009950","P"
"GO:0010909","P"
"GO:0021819","P"
"GO:0022009","P"
"GO:0030997","P"
"GO:0033234","P"
"GO:0034750","C"
"GO:0036023","P"
"GO:0044334","P"
"GO:0044336","P"
"GO:0045294","F"
"GO:0045669","P"
"GO:0045743","P"
"GO:0045976","P"
"GO:0048617","P"
"GO:0050681","F"
"GO:0051884","P"
"GO:0060066","P"
"GO:0060492","P"
"GO:0061324","P"
"GO:0061549","P"
"GO:0061550","P"
"GO:0070369","C"
"GO:0070411","F"
"GO:0070602","P"
"GO:0071681","P"
"GO:0072053","P"
"GO:0072054","P"
"GO:0072079","P"
"GO:0072182","P"
"GO:0097091","P"
"GO:0098831","C"
"GO:1904501","P"
"GO:1904793","P"
"GO:1904954","P"
"GO:1990403","P"
"GO:1990791","P"
"GO:2000017","P"
"GO:0015265","F"
"GO:0071918","P"
"GO:0070403","F"
"GO:0042308","P"
"GO:0060588","P"
"GO:2000098","P"
"GO:2000405","P"
"GO:0015882","P"
"GO:0070890","F"
"GO:0070904","P"
"GO:0008475","F"
"GO:0017185","P"
"GO:0046947","P"
"GO:0033823","F"
"GO:0001561","P"
"GO:0097089","P"
"GO:0001886","P"
"GO:0001519","P"
"GO:0004504","F"
"GO:0004598","F"
"GO:0018032","P"
"GO:0062112","P"
"GO:1901874","P"
"GO:0034721","P"
"GO:0034647","F"
"GO:0050353","F"
"GO:0017042","F"
"GO:0003951","F"
"GO:0035970","P"
"GO:0007084","P"
"GO:0042532","P"
"GO:0042360","P"
"GO:0120009","P"
"GO:0014810","P"
"GO:0045174","F"
"GO:0050610","F"
"GO:0004357","F"
"GO:0017109","C"
"GO:0044752","P"
"GO:0097069","P"
"GO:2000490","P"
"GO:0004392","F"
"GO:0006788","P"
"GO:0032764","P"
"GO:0034395","P"
"GO:0043305","P"
"GO:0010867","P"
"GO:0010886","P"
"GO:0010899","P"
"GO:0015920","P"
"GO:0030169","F"
"GO:0043654","P"
"GO:0070506","F"
"GO:0016235","C"
"GO:0061734","P"
"GO:0070840","F"
"GO:0070842","P"
"GO:0019894","F"
"GO:0010701","P"
"GO:0004693","F"
"GO:0097129","C"
"GO:1904628","P"
"GO:1904637","P"
"GO:0097132","C"
"GO:0098770","F"
"GO:0004046","F"
"GO:0004363","F"
"GO:0006228","P"
"GO:0019003","F"
"GO:0021551","P"
"GO:0043653","P"
"GO:2001223","P"
"GO:0004655","F"
"GO:0070541","P"
"GO:0030280","F"
"GO:0032980","P"
"GO:0070268","P"
"GO:0005078","F"
"GO:0007258","P"
"GO:0036088","P"
"GO:0055130","P"
"GO:0030496","C"
"GO:0004744","F"
"GO:0005041","F"
"GO:0030229","F"
"GO:0034189","F"
"GO:0034361","C"
"GO:0038025","F"
"GO:0038026","P"
"GO:0031643","P"
"GO:0036122","F"
"GO:1902732","P"
"GO:0008091","C"
"GO:0031430","C"
"GO:0032437","C"
"GO:0032119","P"
"GO:0035425","P"
"GO:0070488","P"
"GO:0035606","P"
"GO:0003130","P"
"GO:0007500","P"
"GO:0010159","P"
"GO:0039706","F"
"GO:0060197","P"
"GO:0060686","P"
"GO:0061312","P"
"GO:0072138","P"
"GO:0003150","P"
"GO:0036324","P"
"GO:0043495","F"
"GO:1902527","P"
"GO:0031463","C"
"GO:0016935","C"
"GO:0004096","F"
"GO:0009609","P"
"GO:0030485","C"
"GO:0036269","P"
"GO:0004052","F"
"GO:0035963","P"
"GO:0047977","F"
"GO:0050473","F"
"GO:0051120","F"
"GO:0051122","P"
"GO:2001303","P"
"GO:0005034","F"
"GO:0007231","P"
"GO:0030103","P"
"GO:0071477","P"
"GO:0071642","P"
"GO:0071651","P"
"GO:0097497","P"
"GO:1903444","P"
"GO:1903759","P"
"GO:2000340","P"
"GO:0004356","F"
"GO:0006542","P"
"GO:0018345","P"
"GO:0019706","F"
"GO:0045503","F"
"GO:0006851","P"
"GO:0033147","P"
"GO:0033600","P"
"GO:0015207","F"
"GO:0015866","P"
"GO:1901029","P"
"GO:0032050","F"
"GO:0034362","C"
"GO:0034382","P"
"GO:0061771","P"
"GO:0061889","P"
"GO:0150094","P"
"GO:1903979","P"
"GO:1905907","P"
"GO:1990666","C"
"GO:0030433","P"
"GO:0030511","P"
"GO:0004720","F"
"GO:0035905","P"
"GO:0035906","P"
"GO:0018057","P"
"GO:0015086","F"
"GO:0015093","F"
"GO:0015094","F"
"GO:0015692","P"
"GO:0035444","P"
"GO:0070574","P"
"GO:0070826","C"
"GO:0015099","F"
"GO:0015087","F"
"GO:0033617","P"
"GO:1904960","P"
"GO:0002265","P"
"GO:0014005","P"
"GO:0016199","P"
"GO:0016322","P"
"GO:0048669","P"
"GO:0051124","P"
"GO:0051425","F"
"GO:0051563","P"
"GO:0071874","P"
"GO:0150003","P"
"GO:1905606","P"
"GO:1905908","P"
"GO:1990761","C"
"GO:1990812","C"
"GO:1905598","P"
"GO:0004013","F"
"GO:0019510","P"
"GO:0048208","P"
"GO:0055073","P"
"GO:0097214","P"
"GO:0097450","C"
"GO:2000296","P"
"GO:2000376","P"
"GO:0004365","F"
"GO:0019828","F"
"GO:0035605","F"
"GO:0052501","P"
"GO:0061621","P"
"GO:0097452","C"
"GO:0032564","F"
"GO:0005055","F"
"GO:0005522","F"
"GO:0098973","F"
"GO:0048488","P"
"GO:0000015","C"
"GO:0004634","F"
"GO:0010756","P"
"GO:1903298","P"
"GO:0005853","C"
"GO:0098574","C"
"GO:1900022","P"
"GO:0097284","P"
"GO:0034378","P"
"GO:0034379","P"
"GO:0002842","P"
"GO:0045041","P"
"GO:0033018","C"
"GO:0050750","F"
"GO:0044547","F"
"GO:0071013","C"
"GO:0048025","P"
"GO:0097157","F"
"GO:1905663","P"
"GO:1990428","P"
"GO:0098963","P"
"GO:1903241","P"
"GO:0030292","F"
"GO:0032464","P"
"GO:0042998","P"
"GO:0072344","P"
"GO:1990630","C"
"GO:0001849","F"
"GO:0002502","P"
"GO:1901164","P"
"GO:2000510","P"
"GO:0004743","F"
"GO:1902912","C"
"GO:0004802","F"
"GO:0005999","P"
"GO:0046166","P"
"GO:0050220","F"
"GO:0005638","C"
"GO:0042256","P"
"GO:0000054","P"
"GO:1902626","P"
"GO:0004347","F"
"GO:0004459","F"
"GO:0004618","F"
"GO:0047134","F"
"GO:0030043","P"
"GO:0050815","F"
"GO:0004449","F"
"GO:0008537","C"
"GO:0004082","F"
"GO:0004619","F"
"GO:0043456","P"
"GO:0046604","P"
"GO:0003979","F"
"GO:0006065","P"
"GO:0002481","P"
"GO:0031905","C"
"GO:0071283","P"
"GO:1904434","P"
"GO:1904437","P"
"GO:2000978","P"
"GO:0072492","C"
"GO:0031587","P"
"GO:1905289","P"
"GO:1905337","P"
"GO:0001300","P"
"GO:0010757","P"
"GO:0035491","P"
"GO:0061044","P"
"GO:1901331","P"
"GO:0051585","P"
"GO:0051622","P"
"GO:0070495","P"
"GO:1902957","P"
"GO:1903284","P"
"GO:1903285","P"
"GO:1903421","P"
"GO:1904307","P"
"GO:1904715","P"
"GO:0060961","F"
"GO:0031550","P"
"GO:0018323","P"
"GO:0036470","F"
"GO:0036471","P"
"GO:0036478","F"
"GO:0036524","F"
"GO:0036526","P"
"GO:0036527","P"
"GO:0036528","P"
"GO:0036529","P"
"GO:0036530","P"
"GO:0036531","P"
"GO:0044388","F"
"GO:0045340","F"
"GO:0106045","P"
"GO:0106046","P"
"GO:1902958","P"
"GO:1903073","P"
"GO:1903094","P"
"GO:1903122","P"
"GO:1903168","P"
"GO:1903178","P"
"GO:1903181","P"
"GO:1903197","P"
"GO:1903200","P"
"GO:1903384","P"
"GO:1905259","P"
"GO:2000157","P"
"GO:2000277","P"
"GO:2000825","P"
"GO:0045560","P"
"GO:0071693","P"
"GO:0003331","P"
"GO:0007199","P"
"GO:0031703","F"
"GO:0051387","P"
"GO:1905010","P"
"GO:1905589","P"
"GO:0044869","P"
"GO:0044871","P"
"GO:0046597","P"
"GO:0010903","P"
"GO:0018206","P"
"GO:0034191","F"
"GO:0034363","C"
"GO:0034365","C"
"GO:0034371","P"
"GO:0060228","F"
"GO:0060354","P"
"GO:0070653","F"
"GO:1902995","P"
"GO:0042627","C"
"GO:0046340","P"
"GO:0060621","P"
"GO:0060695","P"
"GO:0010898","P"
"GO:0035634","P"
"GO:0051006","P"
"GO:0010902","P"
"GO:0010916","P"
"GO:0060230","F"
"GO:0010897","P"
"GO:0010987","P"
"GO:0010877","P"
"GO:0032805","P"
"GO:0046911","F"
"GO:0070326","F"
"GO:0071831","P"
"GO:0097114","P"
"GO:1901628","P"
"GO:1901630","P"
"GO:1902952","P"
"GO:1903002","P"
"GO:1905855","P"
"GO:1905860","P"
"GO:1905890","P"
"GO:0031089","C"
"GO:0034197","P"
"GO:0001798","P"
"GO:0001970","P"
"GO:0031715","F"
"GO:0150062","P"
"GO:0150064","P"
"GO:0045959","P"
"GO:1903027","P"
"GO:0001652","C"
"GO:0036143","F"
"GO:0002434","P"
"GO:0032286","P"
"GO:0099020","C"
"GO:1902847","P"
"GO:1902998","P"
"GO:1905892","P"
"GO:1905895","P"
"GO:0030984","F"
"GO:0039534","P"
"GO:0097177","F"
"GO:0030478","C"
"GO:0097017","P"
"GO:1903903","P"
"GO:1903906","P"
"GO:1903923","P"
"GO:0031721","F"
"GO:0071748","C"
"GO:0071756","C"
"GO:0005583","C"
"GO:0008745","F"
"GO:0016019","F"
"GO:0032827","P"
"GO:0048237","C"
"GO:0031695","F"
"GO:0015881","P"
"GO:0005309","F"
"GO:0004704","F"
"GO:0090648","P"
"GO:0017154","F"
"GO:0051497","P"
"GO:1905098","P"
"GO:0005008","F"
"GO:0008628","P"
"GO:0046010","P"
"GO:0090394","P"
"GO:0032588","C"
"GO:0004027","F"
"GO:0032810","F"
"GO:0034145","P"
"GO:0090188","P"
"GO:0090341","P"
"GO:2000325","P"
"GO:0006117","P"
"GO:0014040","P"
"GO:0035525","C"
"GO:0045084","P"
"GO:0071224","P"
"GO:0071532","F"
"GO:0099527","P"
"GO:0010949","P"
"GO:0045796","P"
"GO:0000038","P"
"GO:0032304","P"
"GO:0042361","P"
"GO:0042377","P"
"GO:0052869","F"
"GO:0052871","F"
"GO:0052872","F"
"GO:0003376","P"
"GO:0038036","F"
"GO:0008481","F"
"GO:0017050","F"
"GO:0046521","P"
"GO:1905364","P"
"GO:0070986","P"
"GO:0140298","P"
"GO:0008430","F"
"GO:0047066","F"
"GO:0110076","P"
"GO:0004416","F"
"GO:0019243","P"
"GO:0002651","P"
"GO:0002663","P"
"GO:0003274","P"
"GO:0050431","F"
"GO:0051138","P"
"GO:0060434","P"
"GO:1905007","P"
"GO:1905317","P"
"GO:1990086","P"
"GO:2000563","P"
"GO:1905315","P"
"GO:1905316","P"
"GO:0005026","F"
"GO:0098974","P"
"GO:1902953","P"
"GO:0016428","F"
"GO:0031680","C"
"GO:0000780","C"
"GO:0009838","P"
"GO:0010369","C"
"GO:0032466","P"
"GO:0034501","P"
"GO:0036089","P"
"GO:0043988","P"
"GO:0044878","P"
"GO:0051256","P"
"GO:1990023","C"
"GO:0031616","C"
"GO:1902239","P"
"GO:0005131","F"
"GO:0031730","F"
"GO:0038114","P"
"GO:0070106","P"
"GO:0070757","P"
"GO:0005143","F"
"GO:0031959","P"
"GO:0035401","F"
"GO:0035409","P"
"GO:0038155","P"
"GO:0060399","P"
"GO:0097296","P"
"GO:1902728","P"
"GO:1990890","F"
"GO:0004509","F"
"GO:0002315","P"
"GO:0031781","F"
"GO:0031782","F"
"GO:0070996","F"
"GO:0006102","P"
"GO:0044322","C"
"GO:0017096","F"
"GO:0030187","P"
"GO:0002215","P"
"GO:0008113","F"
"GO:0036456","F"
"GO:0000049","F"
"GO:0017101","C"
"GO:0048014","P"
"GO:0001725","C"
"GO:0016508","F"
"GO:0004165","F"
"GO:0004300","F"
"GO:0004345","F"
"GO:0017057","F"
"GO:0016509","F"
"GO:0016507","C"
"GO:0033306","P"
"GO:0046458","P"
"GO:0046577","F"
"GO:0050061","F"
"GO:0052814","F"
"GO:0006537","P"
"GO:0004739","F"
"GO:0061732","P"
"GO:0034604","F"
"GO:0004085","F"
"GO:0046359","P"
"GO:0047598","F"
"GO:0009918","F"
"GO:0016132","P"
"GO:0048702","P"
"GO:0006740","P"
"GO:0009249","P"
"GO:0002537","P"
"GO:0010572","P"
"GO:0016046","P"
"GO:0043032","P"
"GO:0060907","P"
"GO:0070430","P"
"GO:0070434","P"
"GO:1900017","P"
"GO:1900227","P"
"GO:1903223","P"
"GO:1903974","P"
"GO:0035861","C"
"GO:0050135","F"
"GO:0061809","F"
"GO:0061811","F"
"GO:0061812","F"
"GO:0019732","P"
"GO:0033214","P"
"GO:0051673","P"
"GO:1900159","P"
"GO:1900229","P"
"GO:2000308","P"
"GO:2001205","P"
"GO:0001080","P"
"GO:0034255","P"
"GO:0034971","P"
"GO:0035356","P"
"GO:0038185","P"
"GO:1902122","F"
"GO:1902714","P"
"GO:1904179","P"
"GO:1904468","P"
"GO:1905695","P"
"GO:2001250","P"
"GO:0002152","P"
"GO:0047963","F"
"GO:0052815","F"
"GO:0052817","F"
"GO:0102991","F"
"GO:0045829","P"
"GO:0051106","P"
"GO:0060236","P"
"GO:0140289","P"
"GO:1905662","P"
"GO:1990166","P"
"GO:0017089","F"
"GO:0046836","P"
"GO:1902389","P"
"GO:1902387","F"
"GO:1902388","F"
"GO:0090051","P"
"GO:1902178","P"
"GO:0005070","F"
"GO:0005173","F"
"GO:0035702","P"
"GO:0038163","P"
"GO:0070100","P"
"GO:1900235","P"
"GO:0032455","P"
"GO:0032911","P"
"GO:0030173","C"
"GO:0035470","P"
"GO:1903861","P"
"GO:1990478","P"
"GO:2000448","P"
"GO:0090091","P"
"GO:0005956","C"
"GO:0001939","C"
"GO:0004831","F"
"GO:0004510","F"
"GO:0008510","F"
"GO:0005369","F"
"GO:0015734","P"
"GO:0003810","F"
"GO:0015939","P"
"GO:0045626","P"
"GO:0010037","P"
"GO:1904400","P"
"GO:1905217","P"
"GO:0000333","C"
"GO:0001172","P"
"GO:0003721","F"
"GO:0003968","F"
"GO:0062103","P"
"GO:0070034","F"
"GO:0098680","F"
"GO:1903620","P"
"GO:1903704","P"
"GO:1904751","P"
"GO:1990572","C"
"GO:0004797","F"
"GO:0010536","P"
"GO:1900223","P"
"GO:0045650","P"
"GO:0090527","P"
"GO:0003908","F"
"GO:0070061","F"
"GO:0004807","F"
"GO:0008929","F"
"GO:0019242","P"
"GO:0019563","P"
"GO:0005135","F"
"GO:1901318","P"
"GO:0045818","P"
"GO:0060266","P"
"GO:0016015","F"
"GO:0035582","P"
"GO:0005602","C"
"GO:0070531","C"
"GO:0071896","P"
"GO:0086073","P"
"GO:0002542","P"
"GO:0007161","P"
"GO:1904237","P"
"GO:2001202","P"
"GO:0036457","C"
"GO:1990254","F"
"GO:0033366","P"
"GO:0030070","P"
"GO:1901143","P"
"GO:0021852","P"
"GO:0042043","F"
"GO:0061002","P"
"GO:0098983","C"
"GO:0098985","C"
"GO:2000331","P"
"GO:2000809","P"
"GO:0002509","P"
"GO:0097536","P"
"GO:0001872","F"
"GO:0032491","P"
"GO:0045082","P"
"GO:0045060","P"
"GO:0035354","C"
"GO:0038123","P"
"GO:0038124","P"
"GO:0042495","P"
"GO:0042496","P"
"GO:0042497","F"
"GO:0071726","P"
"GO:0071727","P"
"GO:0005185","F"
"GO:0031895","F"
"GO:0060011","P"
"GO:0005128","F"
"GO:1902251","P"
"GO:1903243","P"
"GO:0001315","P"
"GO:0003069","P"
"GO:1905932","P"
"GO:0005136","F"
"GO:0042536","P"
"GO:0045189","P"
"GO:1903660","P"
"GO:0002384","P"
"GO:0005138","F"
"GO:0005896","C"
"GO:0045079","P"
"GO:0045380","P"
"GO:1902512","P"
"GO:1905603","P"
"GO:2000660","P"
"GO:2000676","P"
"GO:0031583","P"
"GO:0031707","F"
"GO:0031708","F"
"GO:0033093","C"
"GO:0034696","P"
"GO:0042313","P"
"GO:0043179","P"
"GO:0060298","P"
"GO:0060585","P"
"GO:0010890","P"
"GO:0017129","F"
"GO:0055096","P"
"GO:0008307","F"
"GO:0017166","F"
"GO:0090274","P"
"GO:0097512","C"
"GO:0031265","C"
"GO:0036337","P"
"GO:0042030","F"
"GO:0045654","P"
"GO:1902035","P"
"GO:1904685","P"
"GO:0046881","P"
"GO:0071298","P"
"GO:1904651","P"
"GO:2000486","P"
"GO:0048388","P"
"GO:0038021","F"
"GO:0004865","F"
"GO:0016012","C"
"GO:1990604","C"
"GO:0005148","F"
"GO:0030241","P"
"GO:0042699","P"
"GO:0030899","F"
"GO:1903489","P"
"GO:0033897","F"
"GO:1901291","P"
"GO:0014067","P"
"GO:0045918","P"
"GO:0005132","F"
"GO:0008811","F"
"GO:0035458","P"
"GO:0071360","P"
"GO:0046078","P"
"GO:0033133","P"
"GO:0033596","C"
"GO:1990879","C"
"GO:0006407","P"
"GO:0002379","P"
"GO:0002383","P"
"GO:0008250","C"
"GO:0008853","F"
"GO:0032197","P"
"GO:0032407","F"
"GO:0035781","P"
"GO:0060339","P"
"GO:0072394","P"
"GO:0072421","P"
"GO:0072711","P"
"GO:0097281","P"
"GO:0034039","F"
"GO:0008392","F"
"GO:0061578","F"
"GO:0018279","P"
"GO:0005537","F"
"GO:0045176","P"
"GO:0070054","P"
"GO:1990332","C"
"GO:1990579","P"
"GO:1990597","C"
"GO:0034707","C"
"GO:0031852","F"
"GO:0051764","P"
"GO:0097368","P"
"GO:1902396","P"
"GO:1905000","P"
"GO:0005760","C"
"GO:0060025","P"
"GO:0035037","P"
"GO:0003138","P"
"GO:0003185","P"
"GO:0007521","P"
"GO:0010694","P"
"GO:0035984","P"
"GO:0048703","P"
"GO:1904753","P"
"GO:2000111","P"
"GO:0035022","P"
"GO:0042118","P"
"GO:0042297","P"
"GO:0045163","P"
"GO:0005639","C"
"GO:2000663","P"
"GO:2000666","P"
"GO:0043249","P"
"GO:0031235","C"
"GO:0010734","P"
"GO:0004694","F"
"GO:0010999","P"
"GO:0045993","P"
"GO:0046986","P"
"GO:1990641","P"
"GO:0031054","P"
"GO:0016442","C"
"GO:0035087","P"
"GO:0035280","P"
"GO:0070578","C"
"GO:0070883","F"
"GO:0004530","F"
"GO:0060450","P"
"GO:0031716","F"
"GO:0045721","P"
"GO:0005585","C"
"GO:0097065","P"
"GO:0034115","P"
"GO:0045499","F"
"GO:0061182","P"
"GO:2000854","P"
"GO:0005142","F"
"GO:0072709","P"
"GO:0043293","C"
"GO:0050613","F"
"GO:0070087","F"
"GO:0035877","F"
"GO:0039650","P"
"GO:0060715","P"
"GO:0097342","C"
"GO:0031835","F"
"GO:0031855","F"
"GO:0034711","F"
"GO:0043512","C"
"GO:0045077","P"
"GO:0045578","P"
"GO:0046882","P"
"GO:0060279","P"
"GO:0035985","C"
"GO:0035986","P"
"GO:2000774","P"
"GO:0030618","F"
"GO:0031962","F"
"GO:0061767","P"
"GO:0070410","F"
"GO:0071144","C"
"GO:0090244","P"
"GO:2000041","P"
"GO:0051974","P"
"GO:0005669","C"
"GO:0043139","F"
"GO:0043138","F"
"GO:0008429","F"
"GO:0021764","P"
"GO:0021897","P"
"GO:0035021","P"
"GO:0061534","P"
"GO:0004438","F"
"GO:0010997","F"
"GO:0016314","F"
"GO:0031642","P"
"GO:0051548","P"
"GO:0051717","F"
"GO:0051800","F"
"GO:0090071","P"
"GO:1903690","P"
"GO:1904668","P"
"GO:1990381","F"
"GO:2000808","P"
"GO:0000404","F"
"GO:0000720","P"
"GO:0071942","C"
"GO:1990731","P"
"GO:0060244","P"
"GO:0060770","P"
"GO:0032876","P"
"GO:0035517","C"
"GO:0035522","P"
"GO:0061519","P"
"GO:0000110","C"
"GO:0061819","P"
"GO:0070522","C"
"GO:1905765","P"
"GO:1990599","F"
"GO:0061820","P"
"GO:0061821","F"
"GO:1905773","F"
"GO:0061849","F"
"GO:0030870","C"
"GO:0000111","C"
"GO:1901673","P"
"GO:0048105","P"
"GO:0060187","C"
"GO:0048691","P"
"GO:0046974","F"
"GO:1905103","C"
"GO:1902261","P"
"GO:1903595","P"
"GO:1903766","P"
"GO:1903815","P"
"GO:0005584","C"
"GO:0030020","F"
"GO:0043589","P"
"GO:0070208","P"
"GO:1902618","P"
"GO:0005586","C"
"GO:0060414","P"
"GO:0043000","P"
"GO:0005588","C"
"GO:1903225","P"
"GO:0002581","P"
"GO:0002605","P"
"GO:0010751","P"
"GO:0032914","P"
"GO:0070052","F"
"GO:1903588","P"
"GO:0070891","F"
"GO:2000484","P"
"GO:0071225","P"
"GO:0030395","F"
"GO:0034120","P"
"GO:0046598","P"
"GO:2001200","P"
"GO:0048685","P"
"GO:0002543","P"
"GO:0002947","C"
"GO:0003332","P"
"GO:0150098","P"
"GO:0061033","P"
"GO:0014905","P"
"GO:0030913","P"
"GO:0007529","P"
"GO:1900134","P"
"GO:0034059","P"
"GO:0070318","P"
"GO:0001527","C"
"GO:0035583","P"
"GO:0005025","F"
"GO:0060017","P"
"GO:1905075","P"
"GO:1905223","P"
"GO:0003342","P"
"GO:0046725","P"
"GO:0072136","P"
"GO:0072162","P"
"GO:0072308","P"
"GO:0031691","F"
"GO:0031762","F"
"GO:0031896","F"
"GO:0034260","P"
"GO:0090131","P"
"GO:0005607","C"
"GO:0004341","F"
"GO:1901896","P"
"GO:1903611","P"
"GO:1903629","P"
"GO:1903634","P"
"GO:0046223","P"
"GO:0061396","P"
"GO:0071499","P"
"GO:1902037","P"
"GO:1903071","P"
"GO:1903788","P"
"GO:1905802","P"
"GO:0010961","P"
"GO:0016340","P"
"GO:0015382","F"
"GO:0048179","C"
"GO:0003273","P"
"GO:2000741","P"
"GO:0032391","C"
"GO:0036057","C"
"GO:0002282","P"
"GO:0014834","P"
"GO:0060283","P"
"GO:1904075","P"
"GO:0099534","F"
"GO:0005150","F"
"GO:0005151","F"
"GO:0045352","F"
"GO:0045353","F"
"GO:0061184","P"
"GO:0072034","P"
"GO:0002480","P"
"GO:0042612","C"
"GO:0015184","F"
"GO:0015811","P"
"GO:0021798","P"
"GO:0030991","C"
"GO:1905799","P"
"GO:0023016","P"
"GO:0035720","P"
"GO:0060971","P"
"GO:0008193","F"
"GO:0004566","F"
"GO:0002277","P"
"GO:0002588","P"
"GO:0017024","F"
"GO:0032090","F"
"GO:0021599","P"
"GO:0035284","P"
"GO:0045647","P"
"GO:1903288","P"
"GO:0005130","F"
"GO:0010841","P"
"GO:0042322","P"
"GO:0051430","F"
"GO:0051461","P"
"GO:0051464","P"
"GO:0032792","P"
"GO:2000210","P"
"GO:0007412","P"
"GO:0099525","P"
"GO:0106022","P"
"GO:2000367","P"
"GO:1900244","P"
"GO:0003837","F"
"GO:0033396","P"
"GO:0017034","F"
"GO:0019992","F"
"GO:0048022","P"
"GO:0070300","F"
"GO:0060213","P"
"GO:1902237","P"
"GO:0042613","C"
"GO:0005587","C"
"GO:0097187","P"
"GO:0030887","P"
"GO:0007356","P"
"GO:0010385","F"
"GO:0035802","P"
"GO:0044729","F"
"GO:0060539","P"
"GO:0061032","P"
"GO:0072166","P"
"GO:0072302","P"
"GO:2000020","P"
"GO:2000195","P"
"GO:2001076","P"
"GO:0016191","P"
"GO:0090160","P"
"GO:0004439","F"
"GO:0043812","F"
"GO:1904980","P"
"GO:0019742","P"
"GO:1904924","P"
"GO:1905370","C"
"GO:0010636","P"
"GO:0010637","P"
"GO:0033132","P"
"GO:0035519","P"
"GO:0044314","P"
"GO:0044828","P"
"GO:0085020","P"
"GO:0099074","P"
"GO:1902530","P"
"GO:1903382","P"
"GO:1903542","P"
"GO:1904049","P"
"GO:1905281","P"
"GO:1905366","P"
"GO:1990444","F"
"GO:1990452","C"
"GO:0099073","C"
"GO:0032049","P"
"GO:0047499","F"
"GO:0005163","F"
"GO:0031017","P"
"GO:2000467","P"
"GO:0002503","P"
"GO:0019886","P"
"GO:0004348","F"
"GO:0050295","F"
"GO:1901805","P"
"GO:1903061","P"
"GO:1904457","P"
"GO:0033269","C"
"GO:0005009","F"
"GO:0005899","C"
"GO:0005010","F"
"GO:0051389","P"
"GO:0031249","F"
"GO:0070370","P"
"GO:0090063","P"
"GO:1902380","P"
"GO:0008180","C"
"GO:0099520","F"
"GO:0000995","F"
"GO:0001940","C"
"GO:0005672","C"
"GO:0016251","F"
"GO:0097453","C"
"GO:1905576","F"
"GO:0010768","P"
"GO:1903026","P"
"GO:1905524","P"
"GO:1905502","F"
"GO:0061628","F"
"GO:0106016","P"
"GO:1903334","P"
"GO:1905673","P"
"GO:0003934","F"
"GO:0035998","P"
"GO:0021784","P"
"GO:0072107","P"
"GO:0072108","P"
"GO:1902379","F"
"GO:0000132","P"
"GO:0021986","P"
"GO:0003735","F"
"GO:0006614","P"
"GO:0022625","C"
"GO:1904379","P"
"GO:0014739","P"
"GO:0071447","P"
"GO:0071673","P"
"GO:1904841","F"
"GO:1905537","P"
"GO:1905612","P"
"GO:1905618","P"
"GO:1905696","P"
"GO:1902499","P"
"GO:0120103","C"
"GO:0002626","P"
"GO:0010106","P"
"GO:0030881","F"
"GO:0060586","P"
"GO:1904283","P"
"GO:1990357","C"
"GO:0032473","C"
"GO:0034211","F"
"GO:0036479","F"
"GO:0044753","C"
"GO:0070973","P"
"GO:0099400","C"
"GO:1902823","P"
"GO:1903125","P"
"GO:1903217","P"
"GO:1903980","P"
"GO:1904713","F"
"GO:1904887","P"
"GO:0061768","F"
"GO:0090389","P"
"GO:1904425","P"
"GO:1990316","C"
"GO:0030906","C"
"GO:0061357","P"
"GO:0090326","P"
"GO:0097422","C"
"GO:1905166","P"
"GO:0046826","P"
"GO:0033364","P"
"GO:1903852","P"
"GO:1904544","P"
"GO:0061590","P"
"GO:0061591","P"
"GO:0004594","F"
"GO:0070584","P"
"GO:0035299","F"
"GO:0052746","P"
"GO:0016243","P"
"GO:0080025","F"
"GO:1902047","P"
"GO:1905123","P"
"GO:1990938","P"
"GO:0061084","P"
"GO:0097409","C"
"GO:0097414","C"
"GO:0097462","C"
"GO:1990038","C"
"GO:0070898","P"
"GO:0045053","P"
"GO:0004801","F"
"GO:0000126","C"
"GO:0009052","P"
"GO:0000800","C"
"GO:0035093","P"
"GO:0016471","C"
"GO:0098850","C"
"GO:0015280","F"
"GO:0005247","F"
"GO:0000220","C"
"GO:0004334","F"
"GO:1902000","P"
"GO:0090291","P"
"GO:1900158","P"
"GO:0032137","F"
"GO:0032142","F"
"GO:0051010","F"
"GO:0000710","P"
"GO:0007196","P"
"GO:0070195","C"
"GO:0033961","F"
"GO:0035166","P"
"GO:1904431","P"
"GO:0021965","P"
"GO:0033256","C"
"GO:0002875","P"
"GO:0002904","P"
"GO:0005141","F"
"GO:0030886","P"
"GO:0032701","P"
"GO:0045355","P"
"GO:0060302","P"
"GO:1904057","P"
"GO:0051795","P"
"GO:0035483","P"
"GO:0003290","P"
"GO:0035054","P"
"GO:0055100","F"
"GO:0006990","P"
"GO:0035373","F"
"GO:1990256","P"
"GO:2000393","P"
"GO:0001642","F"
"GO:0010855","F"
"GO:0120058","P"
"GO:1905333","P"
"GO:0006343","P"
"GO:0031393","P"
"GO:0042595","P"
"GO:0043398","F"
"GO:0046969","F"
"GO:0071441","P"
"GO:1990619","P"
"GO:2000619","P"
"GO:2000655","P"
"GO:0018352","P"
"GO:2000124","P"
"GO:0010501","P"
"GO:0035279","P"
"GO:0070551","F"
"GO:0090624","F"
"GO:0090625","P"
"GO:0098808","F"
"GO:0070593","P"
"GO:0008437","F"
"GO:0007250","P"
"GO:0045569","F"
"GO:0070577","F"
"GO:0010494","C"
"GO:0045085","P"
"GO:0015095","F"
"GO:1903830","P"
"GO:0033292","P"
"GO:0048711","P"
"GO:0060987","C"
"GO:1902960","P"
"GO:1904878","P"
"GO:0097113","P"
"GO:0002316","P"
"GO:0032237","P"
"GO:0090129","P"
"GO:1902078","P"
"GO:0002352","P"
"GO:0002358","P"
"GO:0032471","P"
"GO:0032976","P"
"GO:0048597","P"
"GO:0097144","C"
"GO:1902263","P"
"GO:1990117","P"
"GO:1902963","P"
"GO:0042985","P"
"GO:0030306","F"
"GO:0038020","P"
"GO:1902771","P"
"GO:1902955","P"
"GO:1902997","P"
"GO:2001137","P"
"GO:0060707","P"
"GO:0060806","P"
"GO:0010512","P"
"GO:0060683","P"
"GO:1990401","P"
"GO:0005883","C"
"GO:0099160","C"
"GO:0070120","P"
"GO:0021555","P"
"GO:0042989","P"
"GO:1903936","P"
"GO:0060154","P"
"GO:0007221","P"
"GO:0005127","F"
"GO:1990001","P"
"GO:0008266","F"
"GO:0015035","F"
"GO:0022007","P"
"GO:0060488","P"
"GO:0060489","P"
"GO:0060490","P"
"GO:0090103","P"
"GO:1904938","P"
"GO:0060809","P"
"GO:0002232","P"
"GO:0010838","P"
"GO:0030421","P"
"GO:0045590","P"
"GO:0106091","P"
"GO:1904399","F"
"GO:2000347","P"
"GO:2000391","P"
"GO:0009405","P"
"GO:2000820","P"
"GO:0046811","F"
"GO:0019034","C"
"GO:0032433","C"
"GO:0033592","F"
"GO:0044830","P"
"GO:0071598","C"
"GO:1901254","P"
"GO:0007016","P"
"GO:0030160","F"
"GO:0031877","F"
"GO:0050894","P"
"GO:0099578","P"
"GO:0008466","F"
"GO:0102751","F"
"GO:0014861","P"
"GO:0090076","P"
"GO:0002230","P"
"GO:0001916","P"
"GO:0002860","P"
"GO:0042164","F"
"GO:0043382","P"
"GO:0043514","C"
"GO:0051142","P"
"GO:0070743","C"
"GO:2000330","P"
"GO:0045519","F"
"GO:0002606","P"
"GO:1902523","P"
"GO:2000110","P"
"GO:0002486","P"
"GO:0042489","P"
"GO:1903237","P"
"GO:0002041","P"
"GO:0033082","P"
"GO:1990654","P"
"GO:0005893","C"
"GO:0004911","F"
"GO:0005129","F"
"GO:0034021","P"
"GO:0010920","P"
"GO:0010925","P"
"GO:0030845","P"
"GO:0060305","P"
"GO:0070560","P"
"GO:0006933","P"
"GO:1905451","P"
"GO:0019981","F"
"GO:0070110","C"
"GO:0070119","F"
"GO:0004915","F"
"GO:0019976","F"
"GO:0034140","P"
"GO:0034148","P"
"GO:0070429","P"
"GO:0070433","P"
"GO:0072573","P"
"GO:2000349","P"
"GO:0071650","P"
"GO:0072602","P"
"GO:0042585","C"
"GO:0045345","P"
"GO:0048619","P"
"GO:1904905","P"
"GO:0005900","C"
"GO:0038165","P"
"GO:0004924","F"
"GO:0006876","P"
"GO:0015707","P"
"GO:0045323","C"
"GO:0016513","C"
"GO:0043378","P"
"GO:0060486","P"
"GO:1990049","P"
"GO:0050785","F"
"GO:1904472","P"
"GO:1904597","P"
"GO:2000439","P"
"GO:0070543","P"
"GO:0070994","P"
"GO:2000478","P"
"GO:2000534","P"
"GO:2000584","P"
"GO:2000590","P"
"GO:0035644","P"
"GO:0035523","P"
"GO:1990168","P"
"GO:0035269","P"
"GO:0047349","F"
"GO:0060820","P"
"GO:0060821","P"
"GO:0070868","P"
"GO:0046092","P"
"GO:0045162","P"
"GO:0045887","P"
"GO:0051491","P"
"GO:0005779","C"
"GO:0005053","F"
"GO:0004385","F"
"GO:0046710","P"
"GO:0031448","P"
"GO:0032470","P"
"GO:0051561","P"
"GO:1902082","P"
"GO:0071340","P"
"GO:2000541","P"
"GO:0072740","P"
"GO:0030240","P"
"GO:0035995","P"
"GO:0048769","P"
"GO:0070080","F"
"GO:0060152","P"
"GO:0035469","P"
"GO:0035545","P"
"GO:0071910","P"
"GO:0031275","P"
"GO:0004169","F"
"GO:0004582","F"
"GO:0033185","C"
"GO:0016561","P"
"GO:0036250","P"
"GO:0044721","P"
"GO:1901094","P"
"GO:0097058","C"
"GO:0060287","P"
"GO:0043007","P"
"GO:0043979","P"
"GO:2000730","P"
"GO:0008396","F"
"GO:0002280","P"
"GO:0034497","P"
"GO:0000774","F"
"GO:0016559","P"
"GO:0061609","F"
"GO:0036024","C"
"GO:0036025","C"
"GO:0036026","C"
"GO:0036027","C"
"GO:0036028","C"
"GO:0036029","C"
"GO:0036030","C"
"GO:0097181","C"
"GO:0097182","C"
"GO:0097183","C"
"GO:0010477","P"
"GO:0005862","C"
"GO:0045105","P"
"GO:0099182","C"
"GO:0008108","F"
"GO:0051016","P"
"GO:0060327","P"
"GO:0061752","F"
"GO:0042704","P"
"GO:0070483","P"
"GO:0017018","F"
"GO:0021660","P"
"GO:0021666","P"
"GO:0033539","P"
"GO:0043034","C"
"GO:0005589","C"
"GO:0014728","P"
"GO:0030898","F"
"GO:0031449","P"
"GO:1990836","C"
"GO:0005523","F"
"GO:0071506","P"
"GO:0072303","P"
"GO:0014718","P"
"GO:0055103","F"
"GO:1990092","P"
"GO:0007525","P"
"GO:0008123","F"
"GO:0004018","F"
"GO:0004476","F"
"GO:0009298","P"
"GO:0061611","P"
"GO:0004134","F"
"GO:0004135","F"
"GO:0043033","C"
"GO:0102500","F"
"GO:0035565","P"
"GO:0061017","P"
"GO:0061296","P"
"GO:0072181","P"
"GO:0003222","P"
"GO:0032574","F"
"GO:0036105","F"
"GO:0045046","P"
"GO:1900131","P"
"GO:0004081","F"
"GO:0004820","F"
"GO:0004822","F"
"GO:0006428","P"
"GO:0046786","P"
"GO:0031933","C"
"GO:0035128","P"
"GO:1901581","P"
"GO:1901582","P"
"GO:1904908","P"
"GO:1990707","C"
"GO:0061682","P"
"GO:0032541","C"
"GO:0005052","F"
"GO:0016560","P"
"GO:0071245","P"
"GO:1903408","P"
"GO:1903526","P"
"GO:0060422","F"
"GO:0035800","F"
"GO:0061857","P"
"GO:0071712","P"
"GO:0072389","P"
"GO:1903007","P"
"GO:1990730","C"
"GO:2000158","P"
"GO:0050633","F"
"GO:0038009","P"
"GO:0051394","P"
"GO:0060299","P"
"GO:1900826","P"
"GO:0016557","P"
"GO:1903701","P"
"GO:1905006","P"
"GO:0061444","P"
"GO:0004496","F"
"GO:0003844","F"
"GO:0102752","F"
"GO:0017020","F"
"GO:0099025","C"
"GO:0070094","P"
"GO:0007014","P"
"GO:0030957","F"
"GO:1903883","P"
"GO:1903886","P"
"GO:0003220","P"
"GO:0003251","P"
"GO:0030616","F"
"GO:0061040","P"
"GO:0072134","P"
"GO:1905305","P"
"GO:0052629","F"
"GO:1900075","P"
"GO:0021682","P"
"GO:0098942","P"
"GO:0006642","P"
"GO:0004174","F"
"GO:0043783","F"
"GO:0004138","F"
"GO:0008617","P"
"GO:0046070","P"
"GO:0031251","C"
"GO:0048203","P"
"GO:0070724","C"
"GO:0071908","P"
"GO:0071909","P"
"GO:2000167","P"
"GO:0046778","P"
"GO:1904247","P"
"GO:0015228","F"
"GO:0035349","P"
"GO:0080121","P"
"GO:0080122","F"
"GO:0008700","F"
"GO:0033609","P"
"GO:2000494","P"
"GO:0036179","P"
"GO:0097363","F"
"GO:0034993","C"
"GO:0090286","P"
"GO:0031022","P"
"GO:0090144","P"
"GO:0051371","F"
"GO:0036155","P"
"GO:0015279","F"
"GO:0005595","C"
"GO:0000214","C"
"GO:0008747","F"
"GO:0071566","F"
"GO:1904439","P"
"GO:0030897","C"
"GO:0070889","P"
"GO:0047102","F"
"GO:0047016","F"
"GO:0003975","F"
"GO:0008963","F"
"GO:0004378","F"
"GO:0033577","P"
"GO:0102704","F"
"GO:0060345","P"
"GO:1903988","P"
"GO:0003271","P"
"GO:0036038","C"
"GO:0050290","F"
"GO:0052852","F"
"GO:0052853","F"
"GO:0052854","F"
"GO:0008111","F"
"GO:0004168","F"
"GO:0043048","P"
"GO:0006045","P"
"GO:0047747","F"
"GO:0070184","P"
"GO:0072545","F"
"GO:0001096","F"
"GO:0004475","F"
"GO:0032581","P"
"GO:0106101","P"
"GO:0002153","F"
"GO:0070902","P"
"GO:0000032","P"
"GO:0003429","P"
"GO:0004360","F"
"GO:1990429","C"
"GO:0000213","F"
"GO:0009384","F"
"GO:0070626","F"
"GO:0038131","F"
"GO:0097637","C"
"GO:0070150","P"
"GO:0000379","P"
"GO:0051228","P"
"GO:0008761","F"
"GO:0008397","F"
"GO:0071049","P"
"GO:0004577","F"
"GO:2000503","P"
"GO:0032395","F"
"GO:0005137","F"
"GO:0045645","P"
"GO:0030298","F"
"GO:0031726","F"
"GO:0031729","F"
"GO:0033634","P"
"GO:0046817","F"
"GO:0002729","P"
"GO:2001199","P"
"GO:0045545","F"
"GO:0005144","F"
"GO:0032723","P"
"GO:1901247","P"
"GO:1901251","P"
"GO:2000231","P"
"GO:0051045","P"
"GO:0031728","F"
"GO:0060763","P"
"GO:2000562","P"
"GO:0085032","P"
"GO:0035457","P"
"GO:0036157","C"
"GO:0031860","P"
"GO:0060708","P"
"GO:0006982","P"
"GO:0000183","P"
"GO:0005677","C"
"GO:0033553","C"
"GO:1900113","P"
"GO:2000480","P"
"GO:0055014","P"
"GO:0031433","F"
"GO:0003193","P"
"GO:0035922","P"
"GO:0086020","F"
"GO:0086021","P"
"GO:0086044","P"
"GO:0086053","P"
"GO:0086054","P"
"GO:0086055","P"
"GO:0086076","F"
"GO:0086077","F"
"GO:0086078","F"
"GO:0086079","F"
"GO:0098904","P"
"GO:0098905","P"
"GO:0098906","P"
"GO:1990029","P"
"GO:0003289","P"
"GO:0051891","P"
"GO:0003168","P"
"GO:0003350","P"
"GO:0010735","P"
"GO:0010736","F"
"GO:0055005","P"
"GO:0060928","P"
"GO:0060929","P"
"GO:0003219","P"
"GO:1903929","P"
"GO:2000763","P"
"GO:2000764","P"
"GO:0034141","P"
"GO:0021817","P"
"GO:0007493","P"
"GO:0032912","P"
"GO:0060510","P"
"GO:0035481","P"
"GO:0062000","P"
"GO:0097150","P"
"GO:0007185","P"
"GO:0140291","P"
"GO:0140293","F"
"GO:0021757","P"
"GO:0021758","P"
"GO:0098582","P"
"GO:0021612","P"
"GO:0021649","P"
"GO:0021828","P"
"GO:0097374","P"
"GO:1903375","P"
"GO:1904835","P"
"GO:0021813","P"
"GO:0008263","F"
"GO:0031370","F"
"GO:0005606","C"
"GO:0043257","C"
"GO:0043259","C"
"GO:0009992","P"
"GO:0046659","F"
"GO:0003366","P"
"GO:0034669","C"
"GO:0050904","P"
"GO:1990771","P"
"GO:0072011","P"
"GO:0003322","P"
"GO:0021905","P"
"GO:0021912","P"
"GO:0021918","P"
"GO:0044208","P"
"GO:0007402","P"
"GO:0008052","P"
"GO:0061193","P"
"GO:0031700","F"
"GO:2000184","P"
"GO:0001222","F"
"GO:0047708","F"
"GO:0005944","C"
"GO:0007634","P"
"GO:0090660","P"
"GO:0021882","P"
"GO:0021893","P"
"GO:1902871","P"
"GO:0014707","P"
"GO:0030377","F"
"GO:0038195","P"
"GO:0051835","P"
"GO:0050508","F"
"GO:0050509","F"
"GO:0070033","C"
"GO:1905172","F"
"GO:0030862","P"
"GO:0039008","P"
"GO:0039023","P"
"GO:0070121","P"
"GO:1904694","P"
"GO:0048789","P"
"GO:0097115","P"
"GO:1905520","P"
"GO:0042720","C"
"GO:0097117","P"
"GO:0050925","P"
"GO:0061364","P"
"GO:1905408","P"
"GO:0097116","P"
"GO:0021836","P"
"GO:1903640","P"
"GO:0004990","F"
"GO:0004441","F"
"GO:0090187","P"
"GO:0004903","F"
"GO:0045653","P"
"GO:0048248","F"
"GO:0004821","F"
"GO:0060086","P"
"GO:0034685","C"
"GO:0035871","P"
"GO:0001811","P"
"GO:0001814","P"
"GO:0002266","P"
"GO:0002622","P"
"GO:0019772","F"
"GO:0043318","P"
"GO:0050859","P"
"GO:0035910","P"
"GO:1900165","P"
"GO:1903753","P"
"GO:0071947","P"
"GO:0006427","P"
"GO:0060023","P"
"GO:1990349","P"
"GO:0060613","P"
"GO:0051623","P"
"GO:0072749","P"
"GO:0097433","C"
"GO:0098871","C"
"GO:0031857","F"
"GO:0090290","P"
"GO:0072536","C"
"GO:0042019","F"
"GO:0042020","F"
"GO:0005112","F"
"GO:0007386","P"
"GO:0014807","P"
"GO:0045608","P"
"GO:0046331","P"
"GO:1903608","P"
"GO:0016514","C"
"GO:0035060","C"
"GO:0071565","C"
"GO:0070345","P"
"GO:0097167","P"
"GO:0033063","C"
"GO:2000323","P"
"GO:0033065","C"
"GO:0008821","F"
"GO:0071140","P"
"GO:0090267","P"
"GO:0048023","P"
"GO:0072368","P"
"GO:1901842","P"
"GO:0042662","P"
"GO:0033588","C"
"GO:2000002","P"
"GO:0035189","C"
"GO:0045842","P"
"GO:0071930","P"
"GO:1904761","P"
"GO:0008494","F"
"GO:0043569","P"
"GO:0001741","C"
"GO:0098532","P"
"GO:0071332","P"
"GO:0002175","P"
"GO:0047844","F"
"GO:0030200","P"
"GO:0046966","F"
"GO:0031436","C"
"GO:0032422","F"
"GO:0036310","F"
"GO:0003252","P"
"GO:0045967","P"
"GO:2000974","P"
"GO:0050816","F"
"GO:0048478","P"
"GO:1990426","P"
"GO:0061484","P"
"GO:0060743","P"
"GO:0036309","P"
"GO:0010621","P"
"GO:0098821","F"
"GO:0061551","P"
"GO:0006348","P"
"GO:0046976","F"
"GO:0032447","P"
"GO:0001732","P"
"GO:0070695","C"
"GO:0030915","C"
"GO:0035912","P"
"GO:0043023","F"
"GO:0036304","P"
"GO:0002143","P"
"GO:0030242","P"
"GO:0008545","F"
"GO:0015616","F"
"GO:0098907","P"
"GO:0097025","C"
"GO:0003408","P"
"GO:0006337","P"
"GO:0071564","C"
"GO:0007296","P"
"GO:0072750","P"
"GO:1901707","F"
"GO:0042800","F"
"GO:1905642","P"
"GO:0031618","C"
"GO:0005832","C"
"GO:0032783","C"
"GO:1903378","P"
"GO:2000346","P"
"GO:0008506","F"
"GO:0015770","P"
"GO:0004450","F"
"GO:0006097","P"
"GO:0019002","F"
"GO:0038002","P"
"GO:0072255","P"
"GO:1905176","P"
"GO:0008426","F"
"GO:0035623","P"
"GO:0097134","C"
"GO:0010482","P"
"GO:0001850","F"
"GO:0031871","F"
"GO:0032815","P"
"GO:0071461","P"
"GO:0002845","P"
"GO:1905404","P"
"GO:1905399","P"
"GO:0072432","P"
"GO:0047341","F"
"GO:0071557","P"
"GO:0005043","F"
"GO:0033564","P"
"GO:0006166","P"
"GO:0036021","C"
"GO:1905394","F"
"GO:0018153","P"
"GO:0060662","P"
"GO:0004913","F"
"GO:1990834","P"
"GO:0001880","P"
"GO:0021998","P"
"GO:0048352","P"
"GO:1904414","P"
"GO:1905285","P"
"GO:0061428","P"
"GO:0004705","F"
"GO:1902595","P"
"GO:0005367","F"
"GO:0015798","P"
"GO:0045381","P"
"GO:0045409","P"
"GO:0045751","P"
"GO:1904929","F"
"GO:1900169","P"
"GO:0016028","C"
"GO:0031467","C"
"GO:1990393","C"
"GO:0006211","P"
"GO:0070579","F"
"GO:1905929","P"
"GO:0060002","F"
"GO:0070247","P"
"GO:0061133","F"
"GO:0061185","P"
"GO:0005176","F"
"GO:0030197","F"
"GO:2000208","P"
"GO:0032449","C"
"GO:0010793","P"
"GO:0097676","P"
"GO:0040038","P"
"GO:0051295","P"
"GO:0051758","P"
"GO:0070649","P"
"GO:0005412","F"
"GO:0016586","C"
"GO:0071558","F"
"GO:0030891","C"
"GO:0003358","P"
"GO:0016461","C"
"GO:0007021","P"
"GO:0003065","P"
"GO:0032059","C"
"GO:0030274","F"
"GO:0006741","P"
"GO:1904465","P"
"GO:0042643","C"
"GO:0090292","P"
"GO:0043924","F"
"GO:0031941","C"
"GO:0110135","P"
"GO:1904928","F"
"GO:1990851","C"
"GO:0021797","P"
"GO:0036438","P"
"GO:1902038","P"
"GO:1902257","P"
"GO:0061073","P"
"GO:0009378","F"
"GO:0061749","F"
"GO:0070337","F"
"GO:0098530","P"
"GO:0006268","P"
"GO:0016971","F"
"GO:0061665","F"
"GO:1904647","P"
"GO:0033277","P"
"GO:0051463","P"
"GO:0060125","P"
"GO:1901612","F"
"GO:0043553","P"
"GO:1901097","P"
"GO:0030579","P"
"GO:0001302","P"
"GO:0075044","P"
"GO:0017159","F"
"GO:0004910","F"
"GO:0050712","P"
"GO:0016608","F"
"GO:0031768","F"
"GO:0040010","P"
"GO:0071148","C"
"GO:0071149","C"
"GO:0072289","P"
"GO:1903385","P"
"GO:0036302","P"
"GO:0032444","C"
"GO:0072428","P"
"GO:1903926","P"
"GO:0042760","P"
"GO:0019237","F"
"GO:0032301","C"
"GO:0032143","F"
"GO:0035609","P"
"GO:0018549","F"
"GO:0040032","P"
"GO:0007499","P"
"GO:0005712","C"
"GO:0032389","C"
"GO:2000669","P"
"GO:0008074","C"
"GO:0052565","P"
"GO:0098925","P"
"GO:1901740","P"
"GO:0004912","F"
"GO:0014036","P"
"GO:0019100","P"
"GO:0035622","P"
"GO:0060221","P"
"GO:0060517","P"
"GO:0060532","P"
"GO:0060784","P"
"GO:0061145","P"
"GO:0018874","P"
"GO:0019056","P"
"GO:0034124","P"
"GO:0004565","F"
"GO:1904766","P"
"GO:0060139","P"
"GO:0097647","P"
"GO:0071486","P"
"GO:0097473","P"
"GO:0052591","F"
"GO:2000078","P"
"GO:0097135","C"
"GO:0061589","P"
"GO:0019800","P"
"GO:0048499","P"
"GO:0097401","P"
"GO:0035921","P"
"GO:0070563","P"
"GO:1900387","P"
"GO:0019863","F"
"GO:1903614","P"
"GO:2000521","P"
"GO:2001189","P"
"GO:0033563","P"
"GO:1902842","P"
"GO:0015254","F"
"GO:0070295","P"
"GO:0018026","P"
"GO:0046975","F"
"GO:0003696","F"
"GO:0044861","P"
"GO:1903278","P"
"GO:0008290","C"
"GO:0002357","P"
"GO:0034673","C"
"GO:0043513","C"
"GO:0046789","F"
"GO:0048178","P"
"GO:0043240","C"
"GO:0033593","C"
"GO:0000730","P"
"GO:0072757","P"
"GO:0007284","P"
"GO:0010705","P"
"GO:0051026","P"
"GO:1990918","P"
"GO:0015917","P"
"GO:0072320","F"
"GO:0000942","C"
"GO:0016321","P"
"GO:0070194","P"
"GO:0000732","P"
"GO:1904535","P"
"GO:0030327","P"
"GO:0045199","P"
"GO:0071586","P"
"GO:0004996","F"
"GO:0038194","P"
"GO:1904588","P"
"GO:1905229","P"
"GO:1905184","P"
"GO:0009597","P"
"GO:0035549","P"
"GO:0042247","P"
"GO:0021588","P"
"GO:0022004","P"
"GO:0036520","P"
"GO:0019773","C"
"GO:0008785","F"
"GO:0001635","F"
"GO:0032841","F"
"GO:0038041","P"
"GO:0097643","F"
"GO:0150056","C"
"GO:0150057","C"
"GO:0150058","C"
"GO:1905665","P"
"GO:0034777","C"
"GO:0008260","F"
"GO:0002199","C"
"GO:0051086","P"
"GO:0090666","P"
"GO:1904851","P"
"GO:1904871","P"
"GO:1904874","P"
"GO:0089701","C"
"GO:1901622","P"
"GO:0034499","P"
"GO:0004948","F"
"GO:0030628","F"
"GO:0060775","P"
"GO:0007506","P"
"GO:0048343","P"
"GO:1903944","P"
"GO:0045556","P"
"GO:0044338","P"
"GO:0044339","P"
"GO:0048697","P"
"GO:0060064","P"
"GO:1905474","P"
"GO:0004423","F"
"GO:0008320","F"
"GO:0005157","F"
"GO:1904151","P"
"GO:0042806","F"
"GO:0005105","F"
"GO:0005685","C"
"GO:0005687","C"
"GO:0046540","C"
"GO:0005686","C"
"GO:0005682","C"
"GO:0005111","F"
"GO:0048850","P"
"GO:0099041","P"
"GO:0048843","P"
"GO:0005115","F"
"GO:0036517","P"
"GO:0036518","P"
"GO:0051885","P"
"GO:0060067","P"
"GO:0061347","P"
"GO:0061348","P"
"GO:0061349","P"
"GO:0061350","P"
"GO:0061354","P"
"GO:0097325","P"
"GO:1904934","P"
"GO:1904955","P"
"GO:0060611","P"
"GO:1902228","P"
"GO:0044806","P"
"GO:0017056","F"
"GO:0030538","P"
"GO:0042355","P"
"GO:0021723","P"
"GO:0048894","P"
"GO:0061452","P"
"GO:0061485","P"
"GO:1903905","P"
"GO:0019969","F"
"GO:0004920","F"
"GO:0034693","C"
"GO:0038156","P"
"GO:0071004","C"
"GO:0051916","F"
"GO:0019978","F"
"GO:0015855","P"
"GO:0097680","P"
"GO:0001605","F"
"GO:1903143","C"
"GO:1990409","F"
"GO:1990410","P"
"GO:0032014","P"
"GO:1903801","P"
"GO:0002859","P"
"GO:0038016","P"
"GO:0038158","P"
"GO:0043438","P"
"GO:0016602","C"
"GO:0097155","P"
"GO:0097156","P"
"GO:1905226","P"
"GO:2000819","P"
"GO:0060018","P"
"GO:0047710","F"
"GO:1903849","P"
"GO:0004662","F"
"GO:0005953","C"
"GO:0021842","P"
"GO:0010650","P"
"GO:0072660","P"
"GO:1900827","P"
"GO:0021558","P"
"GO:0045977","P"
"GO:0061106","P"
"GO:0071820","F"
"GO:0072141","P"
"GO:1905934","P"
"GO:2000227","P"
"GO:0060940","P"
"GO:0044301","C"
"GO:1990032","C"
"GO:0050659","F"
"GO:0051033","F"
"GO:1904674","P"
"GO:1990450","F"
"GO:0035368","F"
"GO:0099631","C"
"GO:0110090","P"
"GO:0035709","P"
"GO:0035713","P"
"GO:0071954","P"
"GO:1900281","P"
"GO:2000572","P"
"GO:0001532","F"
"GO:0015817","P"
"GO:0005290","F"
"GO:0044194","C"
"GO:1905303","P"
"GO:0038164","F"
"GO:1905221","P"
"GO:1990959","P"
"GO:1990960","P"
"GO:0010729","P"
"GO:0043273","F"
"GO:0036505","F"
"GO:0002518","P"
"GO:0031724","F"
"GO:0031735","F"
"GO:2000545","P"
"GO:0048627","P"
"GO:1903553","P"
"GO:2001264","P"
"GO:2001065","F"
"GO:0007624","P"
"GO:0061851","C"
"GO:1901731","P"
"GO:1904328","P"
"GO:0035331","P"
"GO:0098749","P"
"GO:1901165","P"
"GO:0032034","F"
"GO:0051683","P"
"GO:0032807","C"
"GO:0051102","P"
"GO:0071307","P"
"GO:0050291","F"
"GO:0045031","F"
"GO:0007057","P"
"GO:0072687","C"
"GO:1900195","P"
"GO:0031441","P"
"GO:0000403","F"
"GO:0021644","P"
"GO:0003726","F"
"GO:0071247","P"
"GO:1902220","P"
"GO:1904710","P"
"GO:0030158","F"
"GO:0002735","P"
"GO:0034970","P"
"GO:0035242","F"
"GO:0035642","F"
"GO:0032002","C"
"GO:0034342","P"
"GO:0019919","P"
"GO:0071001","C"
"GO:0052884","F"
"GO:0052885","F"
"GO:1901827","P"
"GO:0030621","F"
"GO:0050251","F"
"GO:0000938","C"
"GO:1990745","C"
"GO:2000691","P"
"GO:1902443","P"
"GO:1902524","P"
"GO:0051725","P"
"GO:0060060","P"
"GO:1900139","P"
"GO:0005534","F"
"GO:0035610","P"
"GO:0036186","C"
"GO:0033677","F"
"GO:0071920","C"
"GO:0072669","C"
"GO:0034584","F"
"GO:0140262","F"
"GO:1905538","F"
"GO:0005366","F"
"GO:0004336","F"
"GO:0006683","P"
"GO:0051692","P"
"GO:0102483","F"
"GO:1903017","P"
"GO:0060001","F"
"GO:0006850","P"
"GO:0070782","P"
"GO:0001010","F"
"GO:0045415","P"
"GO:0046985","P"
"GO:0071409","P"
"GO:1904998","P"
"GO:2000342","P"
"GO:0046920","F"
"GO:0031686","F"
"GO:0045032","F"
"GO:0097241","P"
"GO:1900142","P"
"GO:2000533","P"
"GO:0050197","F"
"GO:0070251","F"
"GO:0004325","F"
"GO:0070934","P"
"GO:0070937","C"
"GO:0071204","C"
"GO:1905437","P"
"GO:0015774","P"
"GO:0061751","F"
